Predict,Id,stack,xgb,lgb,Predict
6.028765686,1,6.063767801,5.72060585,5.944807686,6.028765686
6.185934011,2,6.237856759,5.999468327,5.971167838,6.185934011
5.194986513,3,5.189898123,5.228349209,5.211003578,5.194986513
6.281411345,4,6.25453779,6.3854146,6.390069217,6.281411345
5.297329977,5,5.296803333,5.49454689,5.234399771,5.297329977
5.146522418,6,5.120816836,5.026348591,5.323676721,5.146522418
5.01496052,7,4.948664283,5.406775951,5.237935267,5.01496052
5.22414473,8,5.223836849,5.285964012,5.205180336,5.22414473
5.772583777,9,5.779203933,5.92525959,5.686384341,5.772583777
5.982189418,10,5.993770415,5.908598423,5.944954469,5.982189418
4.786850706,11,4.768073607,4.8401618,4.869224869,4.786850706
5.542472999,12,5.549359481,5.642147064,5.472520403,5.542472999
5.804220645,13,5.752454358,6.093066692,5.984025415,5.804220645
6.024380475,14,6.005270073,6.09051609,6.104257294,6.024380475
6.66123892,15,6.622606537,6.615149975,6.882641274,6.66123892
4.690972931,16,4.611064653,5.038286209,5.001379238,4.690972931
5.536953424,17,5.528248887,5.574828148,5.570752636,5.536953424
5.757952484,18,5.675211863,6.071434498,6.09474175,5.757952484
4.862572698,19,4.835243955,4.887943268,4.999869137,4.862572698
5.78647555,20,5.579617981,6.932041645,6.507860552,5.78647555
4.852746918,21,4.84169802,5.038352489,4.849805812,4.852746918
5.561270935,22,5.54250749,5.592356682,5.650980649,5.561270935
6.538739915,23,6.50766084,6.995755196,6.552156475,6.538739915
6.103875824,24,6.088653567,6.081646442,6.192470909,6.103875824
5.541026584,25,5.540663159,5.592986584,5.525644732,5.541026584
5.372879908,26,5.378307863,5.394385338,5.336762294,5.372879908
5.160765694,27,5.159630812,5.084465981,5.192251522,5.160765694
5.547977113,28,5.534559004,5.792244911,5.538117638,5.547977113
5.762269957,29,5.800316841,5.559626579,5.626900958,5.762269957
5.444121145,30,5.47972568,5.260961533,5.315283453,5.444121145
5.248503377,31,5.236357636,5.215902805,5.324147478,5.248503377
6.036366808,32,5.973616758,6.58643961,6.187676137,6.036366808
5.240562645,33,5.206915545,5.318548679,5.394018503,5.240562645
8.005184963,34,7.918664053,7.651910782,8.584387875,8.005184963
5.659973791,35,5.651501511,5.713338375,5.687371131,5.659973791
5.101867644,36,5.096618833,5.296481609,5.064989898,5.101867644
5.358921256,37,5.372489338,5.259328842,5.319755542,5.358921256
4.987317235,38,4.985330746,4.917809486,5.021081034,4.987317235
5.457581086,39,5.440839541,5.29578495,5.600801331,5.457581086
5.654576114,40,5.649731062,5.957422733,5.579467477,5.654576114
6.141964052,41,6.175267377,6.503874302,5.843709451,6.141964052
5.844046159,42,5.805821689,5.991463184,5.998771027,5.844046159
5.193742425,43,5.177741888,5.242940426,5.26267917,5.193742425
5.632624208,44,5.636825142,5.646415234,5.605622178,5.632624208
5.932535318,45,5.782512268,6.301440716,6.609689825,5.932535318
6.456538625,46,6.441316025,6.133964539,6.645250478,6.456538625
5.504605626,47,5.431659182,5.187097073,5.999489471,5.504605626
5.180427249,48,5.170667143,5.134308815,5.247853921,5.180427249
4.839930219,49,4.79526716,5.06639576,5.002644611,4.839930219
5.461405081,50,5.463807391,5.486719608,5.440154583,5.461405081
4.878794226,51,4.86618219,4.985197067,4.910590761,4.878794226
4.943625797,52,4.910374399,5.193234444,5.037763628,4.943625797
4.822922949,53,4.7742131,4.89478302,5.058755396,4.822922949
4.854088601,54,4.828920803,4.811471462,5.002522586,4.854088601
4.784400902,55,4.7448754,4.970150948,4.933286917,4.784400902
4.743536896,56,4.715428052,4.885974884,4.84597142,4.743536896
5.109481969,57,5.089848713,5.058469296,5.231196928,5.109481969
4.933226903,58,4.893288798,5.04211998,5.109932359,4.933226903
4.840195383,59,4.789871328,5.122141361,5.014608395,4.840195383
5.235971457,60,5.211434816,5.145338058,5.397044637,5.235971457
5.320447418,61,5.308629398,5.671910763,5.266322452,5.320447418
5.318731867,62,5.279669914,5.49361372,5.468768213,5.318731867
6.657791092,63,6.623232246,5.962866306,7.073746455,6.657791092
5.256485203,64,5.153810631,5.314916134,5.784605863,5.256485203
5.076781598,65,5.086782659,5.15317297,4.997978734,5.076781598
5.029705828,66,5.012824712,4.962090015,5.142277071,5.029705828
5.044623662,67,5.010640998,5.141582966,5.193544729,5.044623662
4.788365626,68,4.736258725,5.109260559,4.959304082,4.788365626
6.053419085,69,5.995692199,6.027349949,6.369985559,6.053419085
5.891729568,70,5.890998459,5.710711002,5.955968377,5.891729568
6.536597726,71,6.465497233,6.831724644,6.817424715,6.536597726
6.004761432,72,5.938810295,6.20018816,6.291358508,6.004761432
5.87983993,73,5.89960225,5.827460766,5.791900571,5.87983993
5.29711255,74,5.248595798,5.373528004,5.530396744,5.29711255
6.15104511,75,6.14972519,6.154147625,6.157050393,6.15104511
5.357363185,76,5.354483561,5.387046814,5.3628266,5.357363185
5.901712576,77,5.88062712,6.149522305,5.931564978,5.901712576
5.710002199,78,5.655600982,6.044738293,5.888563327,5.710002199
6.872576102,79,6.811791445,7.68789196,6.924988868,6.872576102
6.198439582,80,6.097083994,6.663517952,6.583976595,6.198439582
6.606608735,81,6.54500009,6.89246273,6.839903431,6.606608735
5.21189833,82,5.185519479,5.282398701,5.329085292,5.21189833
5.3298801,83,5.313951955,5.325175762,5.416398199,5.3298801
5.590385277,84,5.515631004,5.75216198,5.935149045,5.590385277
5.870720547,85,5.905747688,5.917299271,5.668382849,5.870720547
5.891022905,86,5.892297793,5.759241104,5.928150804,5.891022905
5.905980192,87,5.98216384,5.884228706,5.506917818,5.905980192
5.509625368,88,5.453301213,5.601333141,5.77945152,5.509625368
5.663148165,89,5.64589997,5.714541435,5.738007374,5.663148165
5.507572655,90,5.509242287,5.453010559,5.516855241,5.507572655
6.428534747,91,6.293923476,6.519557476,7.116120498,6.428534747
6.646255747,92,6.619941689,7.410790443,6.531752531,6.646255747
6.273329721,93,6.289467908,6.503219604,6.110629431,6.273329721
5.611665085,94,5.635498898,5.864263535,5.400351852,5.611665085
5.762820534,95,5.784814969,5.651908398,5.682487552,5.762820534
5.650209859,96,5.601416639,6.033555031,5.782658557,5.650209859
5.620750053,97,5.608113316,5.334767342,5.783473436,5.620750053
5.852716784,98,5.857672331,6.02976799,5.767270133,5.852716784
6.194682228,99,6.16145877,6.230321884,6.359994037,6.194682228
5.486037595,100,5.498947144,5.218878269,5.506239737,5.486037595
5.860871784,101,5.753920852,6.372169495,6.260844068,5.860871784
5.435157461,102,5.459667668,5.544043064,5.268141121,5.435157461
6.787812321,103,6.740307302,6.626238823,7.095030255,6.787812321
6.007431855,104,5.926337604,6.325882435,6.333784252,6.007431855
5.93801508,105,5.906051956,6.068928242,6.064847355,5.93801508
5.701328081,106,5.701678645,5.79068327,5.669673223,5.701328081
5.636996128,107,5.635967312,5.570670128,5.664591736,5.636996128
5.265182959,108,5.307080648,5.10392046,5.095482705,5.265182959
5.545087371,109,5.540979829,5.55384016,5.564076588,5.545087371
6.886351564,110,6.889614783,6.589699745,6.967831588,6.886351564
6.154063315,111,6.141806309,6.22881794,6.194515686,6.154063315
5.953773806,112,5.949444313,6.36265707,5.840570057,5.953773806
5.799101478,113,5.827887427,5.559807777,5.725340903,5.799101478
5.994307709,114,5.999001801,6.075904846,5.942073466,5.994307709
6.53544969,115,6.60517589,6.36964035,6.218846448,6.53544969
5.053983967,116,5.050379568,5.070995331,5.067536854,5.053983967
5.432215352,117,5.432997646,5.448040009,5.422768115,5.432215352
6.0040769,118,5.961476126,6.232926846,6.154997711,6.0040769
5.523283653,119,5.584122562,5.387145996,5.244188734,5.523283653
5.050231711,120,5.059418105,5.086945534,4.988999547,5.050231711
6.454129891,121,6.560649101,5.46130085,6.216970332,6.454129891
5.14133918,122,5.166803473,5.070830345,5.029032485,5.14133918
5.106350281,123,5.11004671,5.15851593,5.069247367,5.106350281
5.837162019,124,5.849578565,5.596374512,5.851202824,5.837162019
5.299717094,125,5.267137263,5.245178699,5.491655576,5.299717094
6.186222112,126,6.183785857,5.885310173,6.299519452,6.186222112
5.153657814,127,5.160443491,5.208547592,5.099170901,5.153657814
4.939905684,128,4.912355832,5.039478302,5.053647275,4.939905684
6.284150883,129,6.173906386,7.119242668,6.593757642,6.284150883
5.465139336,130,5.496855622,5.321626186,5.343823569,5.465139336
6.128688728,131,6.163886247,6.056860447,5.964911304,6.128688728
6.360052524,132,6.413253897,6.572061062,6.005642314,6.360052524
6.126656172,133,6.053392231,6.052747726,6.542033261,6.126656172
5.864575803,134,5.898154175,5.672606945,5.749480816,5.864575803
5.274544946,135,5.297766388,5.12001276,5.202207988,5.274544946
6.186541107,136,6.176240719,6.100997448,6.269991103,6.186541107
5.460550094,137,5.461620216,5.620428562,5.401549831,5.460550094
5.660458541,138,5.693655444,5.522920609,5.529254406,5.660458541
5.577013781,139,5.574244752,5.507243156,5.615038772,5.577013781
5.762020101,140,5.768678282,5.345179081,5.865456688,5.762020101
5.330677296,141,5.334668372,5.287854671,5.323665764,5.330677296
5.743167155,142,5.671697082,6.034789562,6.027133368,5.743167155
6.353486517,143,6.377283073,6.452604294,6.193532212,6.353486517
5.969903805,144,5.942245825,5.896108627,6.142011386,5.969903805
7.038565424,145,6.978884509,7.040799141,7.356119026,7.038565424
5.029535906,146,4.971216112,5.274733067,5.258842338,5.029535906
6.950533162,147,6.954567774,6.249114513,7.162821333,6.950533162
5.707989843,148,5.577699225,5.753624916,6.387661408,5.707989843
5.778983348,149,5.731941105,5.792355061,6.025418114,5.778983348
4.87284577,150,4.815779813,5.191020489,5.071139344,4.87284577
5.125482615,151,5.077037614,5.516277313,5.253590976,5.125482615
5.94561075,152,6.012713526,5.792946815,5.638617256,5.94561075
5.810716933,153,5.883902335,5.50920105,5.520899999,5.810716933
6.869226256,154,6.811876957,7.33422184,7.020090538,6.869226256
5.238098222,155,5.20995378,5.308255196,5.364816137,5.238098222
5.921437714,156,5.842834213,6.263521194,6.226628524,5.921437714
6.01893398,157,6.008971244,6.090574265,6.048188477,6.01893398
6.680949588,158,6.642468694,6.726355076,6.871045903,6.680949588
5.736128273,159,5.747715707,5.76450634,5.664869228,5.736128273
5.685440837,160,5.688180979,5.430089951,5.755943747,5.685440837
5.230978057,161,5.202015252,5.152194977,5.411707339,5.230978057
5.703784477,162,5.696276574,5.419260025,5.838668028,5.703784477
6.171431955,163,6.175687691,6.129879475,6.162585565,6.171431955
5.206806814,164,5.208042694,5.183783531,5.207889802,5.206806814
5.01617634,165,5.041529415,4.763096333,4.965319962,5.01617634
6.237914138,166,6.235749229,6.668545723,6.105916495,6.237914138
5.318880815,167,5.325693667,5.203300953,5.321072109,5.318880815
6.209154817,168,6.184154293,6.892962933,6.11455487,6.209154817
6.571007629,169,6.5507611,6.848678589,6.58643213,6.571007629
6.814844193,170,6.675234834,7.518108368,7.325006008,6.814844193
5.64921294,171,5.610692717,5.720242977,5.830977487,5.64921294
5.15413807,172,5.121704027,5.131513596,5.334661161,5.15413807
5.911673245,173,5.887837144,6.145553589,5.960839004,5.911673245
7.566581531,174,7.495991984,8.907731056,7.49600923,8.907731056
5.11772258,175,5.069432355,5.059874058,5.394553283,5.11772258
5.773708278,176,5.78945298,5.749994755,5.697640923,5.773708278
5.351481327,177,5.368731136,5.190125465,5.313267554,5.351481327
6.044570399,178,6.075932598,6.022601604,5.88462823,6.044570399
6.668009279,179,6.642204981,7.303430557,6.593825147,6.668009279
5.550478758,180,5.526419329,5.680999756,5.635288712,5.550478758
5.850330861,181,5.82329406,6.144847393,5.896355,5.850330861
5.750650638,182,5.732019816,6.10021019,5.733495051,5.750650638
5.219831994,183,5.172968722,5.0530653,5.525358302,5.219831994
5.729587711,184,5.727004593,5.669306755,5.763457876,5.729587711
5.111869519,185,4.949314172,5.507078648,5.847094955,5.111869519
6.821770037,186,6.735614095,7.214941978,7.150211082,6.821770037
4.964683898,187,4.932630515,5.175871372,5.065239484,4.964683898
5.87994224,188,5.835479266,6.045391083,6.061928527,5.87994224
5.338636155,189,5.326445112,5.472371101,5.359076775,5.338636155
5.85585037,190,5.871386258,5.654388428,5.840146197,5.85585037
5.444588208,191,5.470981488,5.265714645,5.363448608,5.444588208
5.083754813,192,5.077164079,5.111348152,5.109707657,5.083754813
6.241886012,193,6.207308161,6.365017414,6.385257455,6.241886012
6.71542781,194,6.735443012,7.174773216,6.455564928,6.71542781
5.628324934,195,5.649886762,5.655898094,5.504137348,5.628324934
5.302982917,196,5.310366782,5.079388618,5.338133739,5.302982917
5.059303606,197,5.037987645,5.104624748,5.15788172,5.059303606
6.78436947,198,6.811762122,6.953743935,6.58181705,6.78436947
4.992136054,199,4.917548095,5.230632782,5.310439512,4.992136054
6.368724777,200,6.37963516,6.34757328,6.317586525,6.368724777
5.530600229,201,5.557625482,5.05259037,5.545802168,5.530600229
5.47174019,202,5.488728347,5.533959389,5.360396995,5.47174019
5.065447632,203,5.070608083,5.045413017,5.044603313,5.065447632
5.898545624,204,5.903177003,5.775333405,5.914915598,5.898545624
4.903348937,205,4.877886034,4.97273159,5.016023478,4.903348937
5.63757726,206,5.672048982,5.261230946,5.579176808,5.63757726
6.06517815,207,6.122934112,5.857751369,5.82628861,6.06517815
6.21586794,208,6.370543697,5.324436188,5.688074405,6.21586794
6.705027966,209,6.691886905,7.057506561,6.657620804,6.705027966
5.299327583,210,5.22592898,5.686022758,5.561888449,5.299327583
4.94674112,211,4.914038177,5.119053841,5.063719283,4.94674112
6.148894449,212,6.170881153,6.301263332,5.980842317,6.148894449
7.054027157,213,7.085249894,6.908133984,6.936136867,7.054027157
4.962885841,214,4.946010456,4.925456047,5.065364491,4.962885841
5.840709541,215,5.88801089,5.689763546,5.638751054,5.840709541
5.73403942,216,5.710079049,5.96827364,5.783749912,5.73403942
6.216772479,217,6.167305224,6.226336479,6.477409878,6.216772479
6.025027783,218,6.043484066,6.3229146,5.82729855,6.025027783
6.271812904,219,6.262546909,6.652535439,6.194323913,6.271812904
6.639801467,220,6.577476714,7.429880142,6.708840474,6.639801467
6.692027321,221,6.66429717,6.427181721,6.928203245,6.692027321
5.031890496,222,5.002352488,5.026328564,5.191280514,5.031890496
5.995274341,223,5.961321219,5.765557766,6.25292981,5.995274341
5.600637663,224,5.589381349,5.584235668,5.666138629,5.600637663
6.212249434,225,6.188311505,5.81793642,6.471355977,6.212249434
4.902846754,226,4.907163591,5.057597637,4.828239952,4.902846754
5.838507016,227,5.76571017,5.607542038,6.30374507,5.838507016
5.989588785,228,5.998272473,5.989981651,5.943144746,5.989588785
5.245136114,229,5.242172782,5.428181171,5.199925491,5.245136114
4.763048995,230,4.782898307,4.834050655,4.633518716,4.763048995
4.835417492,231,4.792140497,4.980740547,5.017787113,4.835417492
4.705185209,232,4.668543845,4.940908909,4.822031267,4.705185209
4.81622222,233,4.802523415,4.661102772,4.940988957,4.81622222
6.192964011,234,6.29794736,5.850746632,5.747125278,6.192964011
4.989306125,235,4.955670584,5.300032616,5.065120222,4.989306125
6.533364188,236,6.439914564,7.209424019,6.80640879,6.533364188
6.27835657,237,6.161491389,6.548453808,6.811605001,6.27835657
6.225588462,238,6.223347366,6.140530586,6.265893556,6.225588462
5.883131495,239,5.77773916,6.016284943,6.400839506,5.883131495
5.798152201,240,5.791256397,5.804643631,5.832766012,5.798152201
6.523664421,241,6.479829605,6.704596996,6.697139283,6.523664421
6.130071692,242,6.112274528,5.896230698,6.302936817,6.130071692
6.218337516,243,6.269461692,5.827480316,6.075960897,6.218337516
5.558672987,244,5.571655719,5.473870277,5.517699199,5.558672987
6.209280663,245,6.297149797,5.450539589,5.99355897,6.209280663
7.702656226,246,7.783472239,6.96275425,7.518271523,7.702656226
6.363002704,247,6.412897548,6.405097961,6.082865153,6.363002704
8.50383522,248,8.561082056,7.792157173,8.435744658,8.50383522
5.721585542,249,5.668723666,5.937308311,5.931607837,5.721585542
6.435387457,250,6.497498972,5.912126064,6.278546424,6.435387457
5.728982412,251,5.785474692,5.530778408,5.493758136,5.728982412
5.677534982,252,5.684298684,5.76517868,5.612247298,5.677534982
7.151363285,253,7.114179094,7.954330444,7.08202325,7.151363285
6.906052322,254,6.942562624,6.570985317,6.823019714,6.906052322
5.977924374,255,6.061502153,5.404830933,5.723207289,5.977924374
5.513592773,256,5.603486833,5.137395382,5.159556956,5.513592773
5.566542614,257,5.55381271,5.700052261,5.589932177,5.566542614
6.028778593,258,6.07534685,5.725457191,5.881521726,6.028778593
5.662814094,259,5.716086706,5.494668484,5.434742033,5.662814094
5.487739402,260,5.552440515,5.300150871,5.205196232,5.487739402
5.799597696,261,5.811704072,5.77577877,5.742969961,5.799597696
5.153985563,262,5.17534126,5.072436333,5.067271587,5.153985563
6.145734323,263,6.188564242,5.763748169,6.044636764,6.145734323
5.12393944,264,5.138770659,5.295362473,4.987698599,5.12393944
7.865285403,265,7.866196731,9.078176498,7.456127915,9.078176498
6.954962938,266,6.869366175,6.845724106,7.44789199,6.954962938
6.30146075,267,6.331118813,6.275343895,6.151990034,6.30146075
7.073045975,268,7.048951379,7.3159132,7.120594667,7.073045975
6.638560348,269,6.666222413,6.325786114,6.595287416,6.638560348
5.608700756,270,5.576043661,5.494051933,5.821088122,5.608700756
5.3341288,271,5.360010709,5.4182477,5.168052358,5.3341288
5.328831168,272,5.373387743,5.020373821,5.194015137,5.328831168
6.2468608,273,6.202599539,6.322964191,6.457552978,6.2468608
5.411009199,274,5.384120535,5.48890686,5.528449439,5.411009199
6.381167599,275,6.259489877,6.856777668,6.871578757,6.381167599
5.47439281,276,5.522960461,5.187240124,5.311082863,5.47439281
6.244305534,277,6.266459675,6.423669338,6.066362139,6.244305534
6.317462145,278,6.427247581,5.786583424,5.908899395,6.317462145
6.177094065,279,6.221829595,6.237678528,5.918309753,6.177094065
5.10308786,280,5.104516342,5.137606144,5.083963155,5.10308786
6.139111509,281,6.230063927,5.995099068,5.702036137,6.139111509
5.887704526,282,5.983478898,5.417403221,5.53367486,5.887704526
6.304367298,283,6.339113782,6.223053932,6.146157177,6.304367298
6.169228584,284,6.214702705,5.947864532,6.000487916,6.169228584
5.971059203,285,6.005781233,5.919285774,5.803132776,5.971059203
5.367307904,286,5.343231296,5.358767986,5.498563076,5.367307904
6.37267117,287,6.450846073,6.163360596,6.025508582,6.37267117
5.768940656,288,5.740693177,5.869138241,5.886194682,5.768940656
5.655162914,289,5.686649353,5.72974062,5.462375925,5.655162914
6.042147573,290,6.032640694,5.855104923,6.155198474,6.042147573
5.855047353,291,5.890328654,5.576849937,5.759612805,5.855047353
5.719903751,292,5.761409463,5.384957314,5.610188803,5.719903751
7.663420075,293,7.717633498,7.768690109,7.339191852,7.663420075
7.58195637,294,7.515250707,7.508858681,7.962085683,7.58195637
4.966698739,295,4.955820897,5.121115208,4.973241657,4.966698739
5.734198506,296,5.770313084,5.646669865,5.570763638,5.734198506
5.971375691,297,6.028961547,5.590979576,5.791049869,5.971375691
5.850314773,298,5.883740535,5.705117226,5.720443102,5.850314773
5.520756971,299,5.544354218,5.478727341,5.408914903,5.520756971
5.39993696,300,5.428143748,5.110129356,5.34610317,5.39993696
6.098653309,301,6.105898123,6.261912823,6.005594343,6.098653309
4.957772471,302,4.93716047,4.868964672,5.09730568,4.957772471
5.817615393,303,5.852683289,5.746692181,5.654227602,5.817615393
7.029525894,304,7.008458651,6.728571415,7.242202604,7.029525894
6.23531964,305,6.258240681,6.711624622,5.954305686,6.23531964
6.07585757,306,6.143997215,5.627312183,5.861961301,6.07585757
7.206666055,307,7.155093895,7.372330666,7.426495921,7.206666055
5.850820777,308,5.84268317,5.814930916,5.906184674,5.850820777
6.130959551,309,6.083995534,6.33263588,6.314208868,6.130959551
5.548555516,310,5.591897022,5.318012238,5.394248578,5.548555516
6.139170309,311,6.203451494,6.194839001,5.777781129,6.139170309
7.004849152,312,6.968875185,6.803529739,7.26381674,7.004849152
5.195311401,313,5.209652049,5.21117878,5.113538859,5.195311401
7.600186441,314,7.545844458,8.731046677,7.513056859,8.731046677
5.236100475,315,5.251524675,5.2908535,5.135587108,5.236100475
5.617733759,316,5.657681949,5.621264935,5.403499612,5.617733759
5.679302634,317,5.716091384,5.382379055,5.582070414,5.679302634
5.315625116,318,5.305485676,4.997931957,5.475599826,5.315625116
6.61049315,319,6.670533615,6.127892494,6.451144143,6.61049315
6.672930911,320,6.672600131,6.802567959,6.63148276,6.672930911
6.231108947,321,6.316590587,5.933755875,5.874324436,6.231108947
5.287891772,322,5.302620951,5.133914471,5.260661955,5.287891772
5.6745185,323,5.740637729,5.407098293,5.411022602,5.6745185
5.591470848,324,5.582872611,5.547359467,5.65203187,5.591470848
5.929096154,325,5.960102394,5.699899197,5.840128526,5.929096154
5.911890967,326,5.936054444,5.817483902,5.814487987,5.911890967
6.832000153,327,6.891584233,6.516340256,6.619438321,6.832000153
5.210969388,328,5.223941317,5.135913849,5.166804202,5.210969388
5.746173233,329,5.80623426,5.583826542,5.479963199,5.746173233
6.300504333,330,6.346989218,6.287471771,6.056929176,6.300504333
7.131835869,331,7.174031305,6.865834236,6.995460634,7.131835869
5.254235221,332,5.246139601,5.074388504,5.357360807,5.254235221
5.630366711,333,5.558222904,5.511459827,6.054769351,5.630366711
6.040504191,334,6.036751322,6.484827042,5.912411757,6.040504191
5.522425089,335,5.492225878,5.473505497,5.699793954,5.522425089
5.428289873,336,5.445033094,5.262765884,5.394167359,5.428289873
5.83106677,337,5.906710384,5.11261797,5.667117016,5.83106677
5.698798447,338,5.660308737,6.046163559,5.788288574,5.698798447
5.338189099,339,5.317185303,5.626121044,5.354231989,5.338189099
6.564275011,340,6.675051522,6.197285652,6.095796741,6.564275011
5.753692756,341,5.789464196,5.545684814,5.632247764,5.753692756
5.614040329,342,5.56821915,5.782883167,5.802139005,5.614040329
5.33146617,343,5.344957747,5.353422642,5.252192227,5.33146617
5.11036427,344,5.115140711,5.137031555,5.076000782,5.11036427
5.447322327,345,5.465062202,5.6206007,5.294950247,5.447322327
5.320769796,346,5.314941514,5.335114956,5.347072169,5.320769796
5.106276602,347,5.09943869,5.104638577,5.143291355,5.106276602
5.059423638,348,5.058520891,4.872423172,5.126571796,5.059423638
5.227136247,349,5.225515545,5.306702137,5.209257984,5.227136247
5.884821044,350,5.938052241,5.590660572,5.698974815,5.884821044
4.80343546,351,4.764341812,4.930182934,4.969685738,4.80343546
4.783419174,352,4.749073161,4.998294353,4.894972828,4.783419174
5.661680079,353,5.630542893,5.650611877,5.831434392,5.661680079
5.887496606,354,5.885323105,5.630919933,5.98461417,5.887496606
5.524503351,355,5.544751489,5.767851353,5.335397246,5.524503351
5.666689969,356,5.682635241,5.353847504,5.685929257,5.666689969
5.128051627,357,5.126836609,5.206891537,5.108251634,5.128051627
5.035911304,358,5.002398975,5.109292507,5.190183204,5.035911304
4.962580863,359,4.95010806,5.188191891,4.953898724,4.962580863
5.295897362,360,5.223632369,5.532734394,5.60236498,5.295897362
5.225662006,361,5.224178723,5.333714008,5.197555555,5.225662006
6.126496717,362,6.134232677,6.357494354,6.008238972,6.126496717
5.130992367,363,5.0988019,5.188968658,5.283349387,5.130992367
5.803291625,364,5.792878634,5.752547741,5.875742126,5.803291625
6.608508707,365,6.529767878,6.962558746,6.910443156,6.608508707
5.852839583,366,5.863562793,6.027802944,5.737328052,5.852839583
5.794782196,367,5.809592069,5.810112476,5.710686157,5.794782196
4.957023684,368,4.947535812,5.004973412,4.991642423,4.957023684
5.925750432,369,5.914765753,6.566455841,5.770766881,5.925750432
5.828674274,370,5.854720718,5.807391644,5.696853998,5.828674274
5.863416887,371,5.81691389,6.479090214,5.906208348,5.863416887
5.451438505,372,5.428865427,5.815527916,5.450465076,5.451438505
6.574106002,373,6.490042677,6.854146481,6.929096829,6.574106002
4.740237249,374,4.703510603,4.88882494,4.886583404,4.740237249
6.648241324,375,6.571878787,7.040220261,6.924848462,6.648241324
4.848832146,376,4.839703087,4.794460297,4.915644431,4.848832146
5.486967478,377,5.514766506,5.309066296,5.398006435,5.486967478
5.580867276,378,5.505918218,5.992627621,5.843342094,5.580867276
6.243014263,379,6.212630691,6.669610023,6.262861348,6.243014263
5.518968716,380,5.524922378,5.669117928,5.437166034,5.518968716
5.102492883,381,5.032219792,5.248487473,5.4286178,5.102492883
5.851465467,382,5.813547092,5.914957047,6.032532982,5.851465467
5.101173221,383,5.122697772,4.986632824,5.024555767,5.101173221
5.75220594,384,5.782274562,5.813821316,5.571301414,5.75220594
5.243083514,385,5.265836069,5.273766518,5.111508886,5.243083514
5.190793498,386,5.196812946,5.115522861,5.183780028,5.190793498
5.619843179,387,5.638583384,5.011610508,5.722639681,5.619843179
6.355706441,388,6.473189772,5.708772182,5.944773314,6.355706441
5.216388016,389,5.253795033,5.013039589,5.08466669,5.216388016
5.139346008,390,5.106006385,5.417847157,5.224323654,5.139346008
5.537843781,391,5.557857719,5.414241314,5.472303519,5.537843781
6.05530767,392,6.029762876,6.131441116,6.166168794,6.05530767
5.813288606,393,5.824605798,5.662497997,5.803193827,5.813288606
4.657056089,394,4.632181948,4.68997097,4.778746569,4.657056089
6.049824898,395,6.092774052,5.631247997,5.960288254,6.049824898
5.562793938,396,5.571828768,5.772472382,5.444715281,5.562793938
5.827091189,397,5.840099183,5.817588806,5.760882558,5.827091189
5.166783512,398,5.145530504,5.378582001,5.209533432,5.166783512
6.705154886,399,6.559456479,7.580862999,7.190310274,6.705154886
4.99184849,400,4.953971599,5.177663803,5.13192002,4.99184849
5.230757874,401,5.223789626,5.400436401,5.211362312,5.230757874
5.519010322,402,5.581384089,5.404407978,5.22455101,5.519010322
5.299425373,403,5.343948086,5.227837086,5.085833703,5.299425373
7.275223679,404,7.285448144,7.521678925,7.138541486,7.275223679
4.748565788,405,4.754843084,4.653562546,4.746754601,4.748565788
6.204278886,406,6.217562638,5.925722599,6.226284264,6.204278886
5.389190499,407,5.364824633,5.20849371,5.579373931,5.389190499
5.768077849,408,5.687432578,6.04234457,6.106763717,5.768077849
7.338291814,409,7.350958064,7.533634186,7.205624322,7.338291814
5.771686948,410,5.739604969,5.647875786,5.984061265,5.771686948
7.331904543,411,7.306535079,7.580269814,7.384419809,7.331904543
5.321431864,412,5.248239818,5.600840569,5.618653246,5.321431864
5.620877072,413,5.540840975,5.94590044,5.939395057,5.620877072
6.382299908,414,6.400637566,6.411463261,6.274777825,6.382299908
5.446522251,415,5.443154864,5.365914345,5.491350833,5.446522251
5.851045003,416,5.890340141,5.865762234,5.636565192,5.851045003
5.214360288,417,5.243755909,5.209766865,5.059114667,5.214360288
5.43808438,418,5.396973915,5.44313097,5.655657876,5.43808438
5.22062034,419,5.23442094,4.937149525,5.241507393,5.22062034
5.892428044,420,5.980359823,5.890880108,5.423974493,5.892428044
5.538909404,421,5.552664037,5.556317329,5.459748638,5.538909404
5.165278803,422,5.143178486,5.332035065,5.227561623,5.165278803
6.739982447,423,6.698527345,7.62560463,6.665868851,6.739982447
5.435581196,424,5.426856856,5.312488556,5.52314185,5.435581196
5.139135709,425,5.096495083,5.260980129,5.325937578,5.139135709
5.554337601,426,5.531259121,5.519917488,5.688896155,5.554337601
5.753346174,427,5.720199598,5.948615074,5.865038279,5.753346174
5.452903707,428,5.4492918,5.318954468,5.516816913,5.452903707
5.268178527,429,5.259938726,5.335658073,5.289630909,5.268178527
6.399714314,430,6.368814517,6.568716526,6.50817908,6.399714314
5.097639364,431,5.121173372,5.119985104,4.964675996,5.097639364
5.394657484,432,5.420708902,5.392101288,5.256568615,5.394657484
5.925562621,433,5.894624353,5.878460884,6.106267251,5.925562621
6.411525226,434,6.341004845,6.550444603,6.741327344,6.411525226
6.689743955,435,6.802887908,6.530521393,6.13938369,6.689743955
6.082793029,436,5.954805536,6.686858177,6.564037824,6.082793029
6.455467034,437,6.480490578,6.357216358,6.354758402,6.455467034
5.249499642,438,5.202699347,5.420872211,5.441976905,5.249499642
6.744371288,439,6.733219617,7.087439537,6.689490665,6.744371288
5.308822686,440,5.287725319,5.432474136,5.380124868,5.308822686
5.411274891,441,5.424420629,5.550198555,5.294856397,5.411274891
6.232959854,442,6.245471021,6.502640247,6.076340167,6.232959854
6.553703554,443,6.589662457,6.519437313,6.373344781,6.553703554
5.789774537,444,5.816755621,5.665194988,5.687401936,5.789774537
5.941008223,445,5.935104174,6.106336594,5.917386987,5.941008223
5.714701918,446,5.715109048,5.742092609,5.703400286,5.714701918
6.732274939,447,6.749868004,7.177859306,6.489917055,6.732274939
6.081104637,448,6.061451569,6.17261219,6.15541844,6.081104637
5.698390527,449,5.715855234,5.638543606,5.625194278,5.698390527
5.583315264,450,5.5923919,5.479881287,5.569384573,5.583315264
6.023498838,451,6.00586417,6.32062149,6.018509555,6.023498838
6.377283326,452,6.386920494,6.332001686,6.340978976,6.377283326
5.727576775,453,5.764868214,5.709223747,5.534806777,5.727576775
5.940117856,454,5.951105912,5.937970161,5.88223075,5.940117856
6.058417,455,6.085749728,6.157268524,5.879691824,6.058417
6.60379235,456,6.565577548,6.755428314,6.757059303,6.60379235
5.953746337,457,5.968916226,5.788021088,5.928082015,5.953746337
5.706388637,458,5.698425792,5.847700596,5.701753076,5.706388637
6.145556923,459,6.196211666,5.991536617,5.926738279,6.145556923
6.891004386,460,6.881699399,7.299908638,6.804329447,6.891004386
6.764225591,461,6.809039841,6.892865181,6.482336355,6.764225591
5.748407134,462,5.762371642,5.693908215,5.692096021,5.748407134
5.578522515,463,5.582071198,5.746148586,5.503720767,5.578522515
5.286253687,464,5.305092671,5.382986069,5.153534982,5.286253687
6.173651784,465,6.224877672,6.076170444,5.932940709,6.173651784
6.255559542,466,6.228986058,6.615306377,6.27736906,6.255559542
6.385750825,467,6.393730696,6.31028223,6.368347671,6.385750825
5.063480506,468,5.076523781,4.981063843,5.021388571,5.063480506
5.69350572,469,5.72739429,5.480586529,5.583739626,5.69350572
5.370109174,470,5.350353554,5.29055357,5.501991015,5.370109174
5.644972561,471,5.680406476,5.738528252,5.424806408,5.644972561
5.266251311,472,5.299283172,5.21834898,5.106048793,5.266251311
5.386913126,473,5.400771893,5.298714638,5.342399195,5.386913126
5.635942235,474,5.654269842,5.559930325,5.56353234,5.635942235
5.972287584,475,6.057276902,5.927589893,5.533910371,5.972287584
5.499278427,476,5.48926061,5.337687016,5.606570547,5.499278427
5.378554269,477,5.395724482,5.17842865,5.353688263,5.378554269
5.328358723,478,5.357018476,5.388580322,5.155432765,5.328358723
5.444876403,479,5.466500868,5.421910763,5.337201096,5.444876403
5.115075099,480,5.125710538,5.16992569,5.040069228,5.115075099
6.057678802,481,6.047734976,6.124246597,6.08852324,6.057678802
5.918307138,482,5.955761267,5.933702946,5.713419769,5.918307138
5.341311744,483,5.369135168,5.276738644,5.214444396,5.341311744
5.309137496,484,5.31975079,5.399344444,5.222464244,5.309137496
5.51895594,485,5.52012162,5.439776897,5.539132033,5.51895594
5.756006815,486,5.832891904,5.359756947,5.478036296,5.756006815
5.527131209,487,5.568741641,5.439267159,5.334496923,5.527131209
5.374179351,488,5.373965557,5.372225285,5.375970824,5.374179351
5.477002684,489,5.538426546,5.275201797,5.216675714,5.477002684
5.20729213,490,5.207911818,5.120007992,5.233081843,5.20729213
5.483496604,491,5.5347382,5.509150028,5.201656946,5.483496604
5.154527728,492,5.139649231,5.188000202,5.22272222,5.154527728
5.315474308,493,5.358849686,5.248797894,5.106364349,5.315474308
5.541173471,494,5.549694374,5.459319115,5.523013356,5.541173471
5.369355047,495,5.413764276,5.351200581,5.13855727,5.369355047
5.583338982,496,5.626844497,5.558061123,5.359735561,5.583338982
5.051342686,497,5.062076486,5.044047832,4.996527375,5.051342686
5.435519258,498,5.416497253,5.301503658,5.581641856,5.435519258
5.218709352,499,5.242219157,5.14945507,5.116408483,5.218709352
5.114111714,500,5.123948175,5.170156002,5.04296904,5.114111714
5.327102303,501,5.356107212,5.151655197,5.23089186,5.327102303
5.517714916,502,5.582730639,5.361553669,5.223018025,5.517714916
5.395266496,503,5.422178965,5.249258518,5.300402534,5.395266496
5.639758822,504,5.65172746,5.414515972,5.651006917,5.639758822
5.41206584,505,5.451524604,5.352982521,5.22131342,5.41206584
5.666653449,506,5.708198362,5.512790203,5.496368365,5.666653449
5.363415724,507,5.408297973,5.250310421,5.161745534,5.363415724
5.466692265,508,5.529394769,5.470127583,5.131133843,5.466692265
5.351277834,509,5.391143336,5.41169405,5.118523087,5.351277834
5.351721768,510,5.357236528,5.271625042,5.349008664,5.351721768
5.891456451,511,5.872760935,5.769319057,6.03187837,5.891456451
5.485596393,512,5.533715633,5.372759342,5.266572678,5.485596393
5.762530616,513,5.741608354,5.694880486,5.896666054,5.762530616
5.995013996,514,5.894316084,6.390225887,6.400332231,5.995013996
5.609010405,515,5.603785279,5.634351254,5.628430755,5.609010405
5.768290053,516,5.787933879,5.628145695,5.710237686,5.768290053
5.376258686,517,5.393672573,5.549877644,5.225511559,5.376258686
5.91114592,518,5.865811382,5.76203537,6.202633679,5.91114592
5.258582869,519,5.279248581,5.200371742,5.16776945,5.258582869
5.269871674,520,5.259866141,5.302768707,5.312268757,5.269871674
5.512227532,521,5.532126071,5.485143661,5.41512995,5.512227532
5.103747047,522,5.116337352,5.104533672,5.036336431,5.103747047
5.412597009,523,5.449008386,5.397088528,5.223572493,5.412597009
5.177581431,524,5.201277289,5.152928352,5.059421254,5.177581431
5.749640569,525,5.770298688,5.564413548,5.701206235,5.749640569
5.389934474,526,5.392394752,5.48944664,5.343642308,5.389934474
5.380886672,527,5.386163583,5.346889019,5.364075742,5.380886672
5.733038151,528,5.745037885,5.707230091,5.677642292,5.733038151
5.011035185,529,5.032423565,5.013107777,4.896273003,5.011035185
5.285543904,530,5.334878819,5.222468853,5.043449334,5.285543904
5.293937577,531,5.322785008,5.236706257,5.159161762,5.293937577
5.344828783,532,5.363962761,5.368161201,5.235003424,5.344828783
5.261451658,533,5.288188133,5.246559143,5.123821217,5.261451658
5.107615879,534,5.118266892,5.153344631,5.035567481,5.107615879
5.286811221,535,5.354328332,5.077507496,4.99648787,5.286811221
5.352873924,536,5.388369779,5.28623724,5.185774806,5.352873924
5.121689641,537,5.136075664,5.141959667,5.038207469,5.121689641
5.119733599,538,5.144411777,5.191636086,4.96414915,5.119733599
5.079204377,539,5.088624307,5.206264019,4.986611453,5.079204377
5.226321404,540,5.262448853,5.236129284,5.030372423,5.226321404
5.311142269,541,5.350125487,5.249177933,5.12388659,5.311142269
5.439281596,542,5.444174641,5.558348656,5.373496256,5.439281596
6.347892594,543,6.307398133,6.525919437,6.504520769,6.347892594
5.076816484,544,5.075980127,5.149263859,5.057127971,5.076816484
6.183292612,545,6.153827093,6.326427937,6.292730232,6.183292612
5.867520233,546,5.85637719,5.990804195,5.885855057,5.867520233
5.166859392,547,5.16106153,5.15484333,5.201786682,5.166859392
5.873894037,548,5.839739541,5.980992794,6.020351722,5.873894037
5.331896225,549,5.319883516,5.57558012,5.314736079,5.331896225
6.871454875,550,6.903368901,7.555171013,6.473341276,6.871454875
5.923486378,551,5.895369721,6.436441898,5.902456633,5.923486378
6.242459342,552,6.225254522,6.5447402,6.233458098,6.242459342
5.67996541,553,5.674613399,6.137913227,5.555860115,5.67996541
5.436941845,554,5.450778879,5.576590538,5.316594646,5.436941845
5.104256906,555,5.103488631,5.135568142,5.097917215,5.104256906
5.752591277,556,5.722866362,5.960818768,5.841714876,5.752591277
5.055521795,557,5.067813976,5.045308113,4.993367939,5.055521795
5.970985881,558,5.963810215,5.949845314,6.016302957,5.970985881
5.189556731,559,5.154077682,5.300853729,5.341679282,5.189556731
4.970422961,560,4.969404818,4.972027302,4.975318299,4.970422961
5.745483843,561,5.695985789,5.869102955,5.968267056,5.745483843
6.147050656,562,6.089848162,6.635204315,6.289412664,6.147050656
6.296951848,563,6.288274445,6.500973225,6.275224243,6.296951848
5.581087458,564,5.615425237,5.39413166,5.460271274,5.581087458
6.723756746,565,6.558189077,7.016900063,7.509069841,6.723756746
6.015526645,566,5.905952185,6.803617001,6.337227017,6.015526645
4.831623215,567,4.812791773,4.896956444,4.910279846,4.831623215
5.290889581,568,5.292000311,5.275921822,5.289954942,5.290889581
5.803652324,569,5.830269989,5.634842396,5.717961381,5.803652324
6.229511682,570,6.230157094,6.342492104,6.188409342,6.229511682
4.980300233,571,4.946326691,4.928297043,5.178826833,4.980300233
6.427031113,572,6.415821352,6.042310238,6.615056682,6.427031113
5.498990604,573,5.486218923,5.647729874,5.517526361,5.498990604
4.798345455,574,4.780139295,4.9388237,4.848618836,4.798345455
5.235901782,575,5.210762665,5.133012295,5.404273489,5.235901782
4.917190087,576,4.890497676,5.118174076,4.992554988,4.917190087
5.754997655,577,5.756335919,5.745866299,5.750904029,5.754997655
4.954646398,578,4.959688997,4.885816574,4.950695812,4.954646398
5.216832819,579,5.198141686,5.215439796,5.316983203,5.216832819
6.020299351,580,6.011470009,5.950099468,6.090789017,6.020299351
5.098383495,581,5.080672192,5.124747276,5.184055894,5.098383495
5.058632351,582,5.024736781,5.491113186,5.095248483,5.058632351
6.235603942,583,6.109508278,6.879247189,6.693566322,6.235603942
5.149793098,584,5.166753364,5.21259737,5.038403628,5.149793098
5.567325204,585,5.579469947,5.533689022,5.513765225,5.567325204
5.276591997,586,5.306431226,5.234490395,5.13148323,5.276591997
5.393978278,587,5.39834578,5.269925117,5.412036028,5.393978278
5.161357366,588,5.112637417,5.096496105,5.442817436,5.161357366
5.776154212,589,5.762569796,5.781214237,5.84691776,5.776154212
6.880780742,590,6.909158948,7.115123749,6.651315935,6.880780742
6.262736615,591,6.297637242,6.427304268,6.021744095,6.262736615
5.709632627,592,5.728051684,5.773977757,5.589949319,5.709632627
5.923184275,593,5.944758093,6.178939819,5.722872021,5.923184275
5.974052131,594,5.880262085,6.287385941,6.369821145,5.974052131
5.148044956,595,5.118989367,5.301719189,5.251783314,5.148044956
5.323675483,596,5.311338706,4.857354641,5.544911865,5.323675483
5.726807196,597,5.698669702,5.970903873,5.795508155,5.726807196
5.22288496,598,5.131760429,5.310146809,5.679795178,5.22288496
5.886486249,599,5.876684968,5.970147133,5.910872745,5.886486249
5.021203714,600,4.990893419,4.854511738,5.238422555,5.021203714
5.943072002,601,5.890331022,6.35036087,6.08859419,5.943072002
7.461651215,602,7.324089547,8.377835274,7.889918797,8.377835274
6.934765088,603,7.009376564,6.644512177,6.63358811,6.934765088
5.092594285,604,5.087295231,5.207464218,5.082565966,5.092594285
6.585850738,605,6.697005889,6.148570538,6.138783253,6.585850738
5.522116809,606,5.459429278,5.607364655,5.828034318,5.522116809
6.121679086,607,6.121505824,6.105940819,6.127849202,6.121679086
6.437857845,608,6.413672145,7.045276642,6.364375274,6.437857845
6.369808273,609,6.305960159,6.584139347,6.638887818,6.369808273
5.949079334,610,5.979599275,6.014607906,5.76446338,5.949079334
5.103840064,611,5.079849389,5.350846291,5.1494548,5.103840064
5.725100738,612,5.719916334,5.707531452,5.75860728,5.725100738
5.232648697,613,5.226452236,5.085540295,5.314732585,5.232648697
5.914976222,614,5.836142049,6.383403301,6.179282708,5.914976222
4.980179597,615,4.965522773,4.947227478,5.069333345,4.980179597
5.748270493,616,5.770942889,5.483447075,5.715625442,5.748270493
5.021219451,617,5.005134441,5.153663635,5.062858073,5.021219451
5.616211589,618,5.633872959,5.714012146,5.489417353,5.616211589
5.02544565,619,5.042425105,4.860393524,4.989905875,5.02544565
5.573609939,620,5.575161057,5.2842803,5.661780566,5.573609939
5.003948765,621,4.966948381,5.198180199,5.136540375,5.003948765
6.240228848,622,6.215213584,6.451111794,6.303349194,6.240228848
5.687330711,623,5.647119336,5.721545696,5.89038634,5.687330711
5.604399394,624,5.625824583,5.853740215,5.407017993,5.604399394
5.432919769,625,5.434386198,5.481143475,5.409024204,5.432919769
5.581471276,626,5.586979822,5.524476528,5.571090538,5.581471276
6.26851527,627,6.279542438,6.111633301,6.26199774,6.26851527
5.636173772,628,5.606380046,5.968161583,5.684410959,5.636173772
7.998712744,629,7.914514607,8.362715721,8.326435108,8.362715721
5.642940419,630,5.64287449,5.880030632,5.56426185,5.642940419
5.466279181,631,5.469512576,5.20328474,5.536699257,5.466279181
6.275492793,632,6.264852151,6.389398098,6.294274487,6.275492793
5.176947376,633,5.145248724,5.386235237,5.276244274,5.176947376
5.208679829,634,5.158645282,5.442677498,5.397531441,5.208679829
5.852719343,635,5.856993481,5.667962074,5.891509576,5.852719343
5.633025579,636,5.637062873,5.555674553,5.63727706,5.633025579
5.787538939,637,5.768784576,5.68514204,5.921694432,5.787538939
5.306224042,638,5.351789024,5.349646568,5.048736547,5.306224042
5.819080376,639,5.775407881,6.227147102,5.915978149,5.819080376
5.372409641,640,5.34198245,5.340314388,5.545386375,5.372409641
6.20312812,641,6.190833168,6.094893456,6.304779296,6.20312812
5.927597783,642,5.922885837,6.171794891,5.871329048,5.927597783
6.113919083,643,6.087929112,6.201280594,6.223411636,6.113919083
6.649438325,644,6.703215476,6.643010139,6.364769502,6.649438325
4.978821865,645,4.950975848,4.973187923,5.129211893,4.978821865
5.611448406,646,5.516776472,5.786110878,6.058144604,5.611448406
6.544528814,647,6.578826354,7.044482231,6.194957461,6.544528814
6.500269007,648,6.502741404,6.223025799,6.579497251,6.500269007
6.40508676,649,6.347552063,6.515810013,6.675030766,6.40508676
5.97756251,650,6.00797649,6.357691765,5.688644825,5.97756251
4.774581019,651,4.686963969,4.919138908,5.19368601,4.774581019
5.714135293,652,5.684604051,5.854667187,5.824791205,5.714135293
5.427613854,653,5.430184824,5.533738136,5.378527251,5.427613854
5.261121611,654,5.252084128,5.417385101,5.257233693,5.261121611
5.629345354,655,5.606461393,5.55201149,5.777171022,5.629345354
5.359758058,656,5.401316145,5.202991486,5.190370488,5.359758058
5.849613027,657,5.895865415,5.5333395,5.708358171,5.849613027
5.031434778,658,5.03517018,5.065849781,5.000040883,5.031434778
5.24221021,659,5.261347166,5.251939297,5.136903416,5.24221021
5.356612195,660,5.302943894,5.482877254,5.6007547,5.356612195
5.783061721,661,5.783386759,5.92416811,5.734292682,5.783061721
5.790508859,662,5.80553761,5.527859211,5.797905368,5.790508859
4.984168398,663,4.971850223,4.995772839,5.045997182,4.984168398
5.246497642,664,5.238661735,5.184451103,5.30897125,5.246497642
5.090632776,665,5.113558603,4.961103916,5.011537921,5.090632776
5.771485341,666,5.792726491,5.889494896,5.618862654,5.771485341
5.513396865,667,5.459585469,5.522321701,5.797415907,5.513396865
6.297875336,668,6.216571906,6.824495792,6.555953476,6.297875336
6.508842183,669,6.584109337,6.652563095,6.05951035,6.508842183
6.008839952,670,5.995950987,6.296228886,5.981784831,6.008839952
5.216407986,671,5.210502127,5.277620792,5.22750151,5.216407986
5.219403653,672,5.186707762,5.279932022,5.373605615,5.219403653
5.914943984,673,5.900550839,5.954704285,5.978453992,5.914943984
5.296576831,674,5.269677046,5.115750313,5.500317818,5.296576831
5.785578613,675,5.78817514,5.855409622,5.748453507,5.785578613
5.533310614,676,5.524863821,5.48897028,5.593140289,5.533310614
5.957736803,677,5.989933918,5.844546795,5.823748739,5.957736803
5.079512765,678,5.044393687,5.195687771,5.228089432,5.079512765
5.890269075,679,5.858614544,5.974686146,6.030954217,5.890269075
6.205397046,680,6.099761896,6.889999866,6.540583492,6.205397046
5.125689633,681,5.060921654,5.239236832,5.433269747,5.125689633
4.949213111,682,4.947835067,5.021620274,4.932426919,4.949213111
5.016576678,683,5.016814035,4.935502052,5.042335627,5.016576678
5.05732109,684,5.047752786,5.1623559,5.07334044,5.05732109
6.42261593,685,6.387576202,6.998112202,6.417662392,6.42261593
5.673273296,686,5.637956554,5.65545845,5.867567496,5.673273296
5.50498835,687,5.533534474,5.203564167,5.453217082,5.50498835
5.683240604,688,5.698447528,5.503909111,5.661914214,5.683240604
5.328990614,689,5.320225806,5.430992603,5.341735514,5.328990614
4.939821588,690,4.923533511,4.678997993,5.113632532,4.939821588
4.890249024,691,4.892547635,4.98413372,4.846694829,4.890249024
5.542309984,692,5.548651562,5.45582819,5.537315463,5.542309984
5.272745594,693,5.285361602,5.345993996,5.181044006,5.272745594
5.857311662,694,5.8600538,6.025957108,5.78647166,5.857311662
5.356153037,695,5.350777651,5.477537155,5.344360273,5.356153037
4.613144505,696,4.569151711,4.948204994,4.736085888,4.613144505
7.454611738,697,7.614337175,7.758217812,6.501540638,7.454611738
6.120539157,698,6.202335087,5.716875076,5.818848849,6.120539157
5.368251894,699,5.367727189,5.368017673,5.371128437,5.368251894
6.394561755,700,6.310106566,7.018029213,6.637166983,6.394561755
5.166432224,701,5.147272793,5.445075989,5.175734521,5.166432224
5.094384904,702,5.090786071,5.474013805,4.987035751,5.094384904
5.143820239,703,5.141169386,5.177623749,5.146690326,5.143820239
6.070510285,704,6.074652497,6.333300591,5.960821756,6.070510285
5.490541559,705,5.549747082,5.178852081,5.278675264,5.490541559
4.953131249,706,4.946625982,4.905769348,5.003613251,4.953131249
5.109613937,707,5.090250564,5.171584129,5.192228413,5.109613937
5.020034183,708,5.010035641,4.963972092,5.09204705,5.020034183
4.907742513,709,4.875319932,5.09252739,5.019068026,4.907742513
5.227072669,710,5.287275339,5.114676952,4.943457,5.227072669
5.655649587,711,5.604597643,5.959040165,5.82679631,5.655649587
5.22527249,712,5.220385026,5.310972691,5.222772151,5.22527249
4.849689641,713,4.834298019,4.886176586,4.919615976,4.849689641
5.85102119,714,5.868381502,5.760481358,5.788612806,5.85102119
5.634270121,715,5.630902577,5.543692589,5.682422831,5.634270121
6.419256317,716,6.447533252,6.640184402,6.194803261,6.419256317
5.151913141,717,5.157952792,4.968362808,5.180885136,5.151913141
5.695897077,718,5.730354525,5.304196835,5.642690689,5.695897077
4.870505564,719,4.850479773,4.939570427,4.954288161,4.870505564
5.830564823,720,5.87516997,5.761599064,5.615659335,5.830564823
5.931938653,721,5.902522497,6.234840393,5.987857452,5.931938653
6.128106541,722,6.028992144,6.70523262,6.464341213,6.128106541
7.148798773,723,7.108808581,7.741518021,7.164506714,7.148798773
5.361307197,724,5.380665269,5.495858192,5.213213818,5.361307197
5.806089906,725,5.779754037,5.622862816,6.007623449,5.806089906
4.944022345,726,4.869957173,5.121594906,5.279845628,4.944022345
6.393057165,727,6.442247762,6.050594807,6.244861357,6.393057165
6.054873572,728,6.024550341,6.336066246,6.12286662,6.054873572
5.151856601,729,5.123987251,5.36476469,5.229523689,5.151856601
5.24166719,730,5.265265414,5.391313553,5.065927915,5.24166719
5.488078191,731,5.423741468,5.820767879,5.720310819,5.488078191
5.815323865,732,5.841000329,5.602915287,5.749185587,5.815323865
5.914809457,733,5.963978652,5.915200233,5.652443528,5.914809457
5.765604847,734,5.789752322,5.348980427,5.775693119,5.765604847
5.675668702,735,5.646253301,5.940256119,5.744355035,5.675668702
5.556651908,736,5.545753872,5.662736416,5.579413301,5.556651908
6.747018899,737,6.698638781,6.899356365,6.954267084,6.747018899
5.750449331,738,5.727511084,5.643640518,5.908389505,5.750449331
5.919962155,739,5.869093975,6.353943825,6.046598522,5.919962155
5.225420047,740,5.193001723,5.511354923,5.30300619,5.225420047
5.964229542,741,5.995443442,5.836986542,5.840169626,5.964229542
4.886490496,742,4.868765909,4.980472565,4.94969425,4.886490496
5.279621404,743,5.309339371,5.412824154,5.076724666,5.279621404
5.003888684,744,4.953459834,5.217978954,5.201479123,5.003888684
6.615190318,745,6.653413826,6.394226551,6.484986199,6.615190318
6.165297781,746,6.224657297,6.22399807,5.829146932,6.165297781
5.399237681,747,5.383138497,5.480800629,5.457912266,5.399237681
5.536409698,748,5.531574741,5.589160919,5.544612399,5.536409698
5.978892439,749,6.008886211,5.942421913,5.831082416,5.978892439
5.485959863,750,5.525906339,5.429245949,5.291816672,5.485959863
5.162661636,751,5.084530253,5.460505009,5.480081264,5.162661636
5.150357156,752,5.118220072,5.317948341,5.265891172,5.150357156
4.930993425,753,4.891675084,5.09910202,5.084654966,4.930993425
5.311339473,754,5.28474889,5.679295063,5.33050405,5.311339473
5.066903861,755,5.046782172,5.014625072,5.191645756,5.066903861
5.047432907,756,5.044551057,5.218891621,5.005649908,5.047432907
4.744877516,757,4.722448541,4.837947369,4.833475393,4.744877516
5.039854677,758,5.013909622,5.071190834,5.167782796,5.039854677
5.496902612,759,5.461023084,6.066255569,5.498475773,5.496902612
5.212076056,760,5.207355287,5.136360645,5.262492004,5.212076056
5.323188336,761,5.362333344,5.279554844,5.128959496,5.323188336
5.262981206,762,5.290806296,5.581045151,5.008559412,5.262981206
5.972170212,763,6.046076223,5.453585148,5.750866426,5.972170212
6.023264612,764,6.050422549,5.838551521,5.939993314,6.023264612
5.77482978,765,5.784421238,5.658604145,5.762417097,5.77482978
5.478882337,766,5.494774359,5.438246727,5.407670086,5.478882337
5.074581053,767,5.076385019,5.121702671,5.049252732,5.074581053
5.538352056,768,5.512163089,5.583492279,5.662979726,5.538352056
5.589960849,769,5.56885659,5.787332535,5.636726299,5.589960849
5.981251918,770,5.970856558,6.239790916,5.950514172,5.981251918
5.377456463,771,5.358078722,5.651606083,5.389421127,5.377456463
6.046773561,772,6.042993353,5.888129234,6.119816036,6.046773561
5.454615272,773,5.493717577,5.531901836,5.220307494,5.454615272
6.392381903,774,6.356142221,7.217464447,6.310632689,6.392381903
5.471894381,775,5.480453881,5.643835068,5.368930153,5.471894381
4.996015724,776,5.009334118,4.928295135,4.947557764,4.996015724
5.478713125,777,5.486595369,5.442813873,5.448640787,5.478713125
6.315566831,778,6.150765806,7.180757523,6.906108734,6.315566831
5.665462557,779,5.624131298,5.916651249,5.802166298,5.665462557
5.098674112,780,5.102490302,5.160107136,5.057843468,5.098674112
6.043379795,781,6.038303047,5.763792515,6.163651584,6.043379795
5.418245052,782,5.446842362,5.435491562,5.259977149,5.418245052
5.824512698,783,5.803908652,6.007364273,5.87345038,5.824512698
5.283778158,784,5.203826451,5.108080387,5.768753143,5.283778158
5.30627999,785,5.304120546,5.233101368,5.342189942,5.30627999
5.114422455,786,5.085222125,5.063523293,5.287123816,5.114422455
5.867402599,787,5.871465107,5.859795094,5.848271682,5.867402599
4.875765758,788,4.843296592,4.879023552,5.047848652,4.875765758
7.239867036,789,7.203112186,7.762495041,7.26168349,7.239867036
6.049002665,790,6.037374089,6.264758587,6.039103055,6.049002665
5.140526538,791,5.130000375,5.230036259,5.166829461,5.140526538
6.014202562,792,5.948779045,5.979435921,6.374716829,6.014202562
5.716520955,793,5.717075026,5.742488861,5.704909857,5.716520955
5.74937098,794,5.757317911,5.579580307,5.763584119,5.74937098
6.527085928,795,6.491879056,6.858448982,6.604401561,6.527085928
6.483868739,796,6.533079652,6.358782768,6.263105903,6.483868739
5.501959955,797,5.508368124,5.246367931,5.552980354,5.501959955
5.788525016,798,5.76024544,5.583050728,6.007840815,5.788525016
5.901004151,799,5.865947288,5.925979614,6.079648933,5.901004151
6.540888401,800,6.518839341,7.01464653,6.500564008,6.540888401
5.62899838,801,5.613619741,5.688556194,5.691165105,5.62899838
5.099863318,802,5.036384249,5.214484692,5.400211147,5.099863318
5.026834582,803,5.007804093,5.129559994,5.094088644,5.026834582
5.680005732,804,5.690835078,5.594455242,5.650765932,5.680005732
4.706770344,805,4.6526925,5.015913486,4.892137682,4.706770344
5.714531714,806,5.744313277,5.60939312,5.59074291,5.714531714
5.284366073,807,5.29300974,5.306686401,5.230826288,5.284366073
5.017797817,808,5.008736398,5.010262966,5.068636883,5.017797817
6.018754027,809,6.038556264,5.826350689,5.977276424,6.018754027
5.828412901,810,5.810203221,5.74409771,5.953636218,5.828412901
5.218539724,811,5.229275784,5.280673981,5.140569277,5.218539724
5.261338333,812,5.257921554,5.073995113,5.342008933,5.261338333
5.463456341,813,5.499922634,5.363320827,5.30234799,5.463456341
5.226283683,814,5.196758799,5.403660774,5.324623912,5.226283683
5.563203489,815,5.55781165,5.779613018,5.519823378,5.563203489
6.233672318,816,6.240496813,6.11979866,6.235232779,6.233672318
4.991985131,817,4.999596148,4.593232632,5.084310556,4.991985131
5.695840705,818,5.672072473,5.950419426,5.737745078,5.695840705
6.059412827,819,6.100938371,5.968132496,5.868369995,6.059412827
5.474665582,820,5.485827795,5.353856564,5.455403415,5.474665582
5.320073835,821,5.367348913,5.383748531,5.046715226,5.320073835
5.804517753,822,5.763046529,5.661279678,6.07344368,5.804517753
8.880282267,823,9.089139673,9.099767685,7.693214254,9.099767685
6.759009214,824,6.684089136,7.621283531,6.871158189,6.759009214
5.109484792,825,5.051245785,5.557936668,5.270608748,5.109484792
5.730495673,826,5.717014511,5.878400803,5.753093494,5.730495673
4.886425213,827,4.816898898,5.162205219,5.165305594,4.886425213
6.478585431,828,6.553556951,5.898087025,6.272236791,6.478585431
5.526492618,829,5.53319228,5.480142117,5.506211212,5.526492618
6.308629938,830,6.26602802,7.054199219,6.287316958,6.308629938
5.597572358,831,5.622992762,5.452558041,5.510334856,5.597572358
5.218809754,832,5.201160745,5.148075581,5.336515779,5.218809754
6.048531128,833,5.972401435,6.667639256,6.248186661,6.048531128
5.225106962,834,5.213680176,5.203559399,5.293232346,5.225106962
5.572911723,835,5.54731249,5.630310535,5.690307951,5.572911723
5.205635596,836,5.139207387,5.27646637,5.536309037,5.205635596
5.046542207,837,5.061985143,4.889377117,5.016568268,5.046542207
5.104466446,838,5.090143055,5.121184826,5.175284952,5.104466446
5.454016981,839,5.497301808,5.182735443,5.31359179,5.454016981
5.633610197,840,5.621766433,5.652823448,5.690372517,5.633610197
6.474222762,841,6.46182148,7.004739761,6.363523973,6.474222762
6.413694846,842,6.41202152,6.065572739,6.538659833,6.413694846
5.452768273,843,5.482926201,5.445144176,5.294467357,5.452768273
4.912623075,844,4.883079227,5.049634933,5.02451957,4.912623075
7.159282813,845,7.16365659,7.13395977,7.144396899,7.159282813
6.41446319,846,6.451404563,6.095727444,6.323687705,6.41446319
7.412634474,847,7.575267252,6.689640999,6.786257526,7.412634474
5.297416551,848,5.287344916,5.325509071,5.341767685,5.297416551
5.671330727,849,5.750764955,5.553322792,5.287017412,5.671330727
5.351714274,850,5.327028217,5.575405121,5.408809546,5.351714274
5.409607483,851,5.424534847,5.456676483,5.314305208,5.409607483
5.016677925,852,4.988910129,5.139051914,5.123981388,5.016677925
4.999303131,853,4.927517707,5.189264297,5.318838301,4.999303131
5.716679611,854,5.746858986,5.714933872,5.556304858,5.716679611
5.491930802,855,5.530688246,5.408638477,5.312988462,5.491930802
5.967404944,856,6.00982574,5.883631706,5.769085108,5.967404944
5.639390333,857,5.636630593,5.469785213,5.710643948,5.639390333
5.371290794,858,5.367543281,5.592366695,5.317585447,5.371290794
6.073806262,859,6.065452686,6.296052933,6.044276447,6.073806262
6.293968775,860,6.220582902,7.439562798,6.303495463,6.293968775
5.410323563,861,5.421532384,5.224256516,5.412565534,5.410323563
5.823178527,862,5.849222939,5.782291889,5.697903879,5.823178527
5.66321451,863,5.64596347,5.57728672,5.783862537,5.66321451
5.514495186,864,5.396100168,5.833065033,6.039745373,5.514495186
5.397444438,865,5.412945952,5.395790577,5.315320868,5.397444438
5.097357134,866,5.098665549,5.237344742,5.043716265,5.097357134
5.785683722,867,5.747590749,6.067230225,5.894997453,5.785683722
5.373201811,868,5.351892528,5.698316097,5.378479891,5.373201811
5.346157368,869,5.357754193,5.323843002,5.291745634,5.346157368
5.195069832,870,5.221214107,5.210941792,5.050342966,5.195069832
5.364604571,871,5.349043316,5.459680557,5.415905937,5.364604571
6.298926141,872,6.134838814,7.117624283,6.901159168,6.298926141
5.270406053,873,5.298512808,5.347673416,5.09474761,5.270406053
5.878497231,874,5.816561946,5.945539474,6.186471332,5.878497231
5.562297185,875,5.565696272,5.752670765,5.48071086,5.562297185
5.653502093,876,5.691272351,5.661869049,5.44927173,5.653502093
5.329336551,877,5.315232834,5.178327084,5.454892906,5.329336551
5.265371831,878,5.283441404,5.265260696,5.169037744,5.265371831
4.939171267,879,4.907703361,4.936560154,5.10787049,4.939171267
5.25746372,880,5.245911722,5.388235569,5.275483801,5.25746372
5.460981925,881,5.39785995,5.590521812,5.754452537,5.460981925
6.009574579,882,5.990732538,5.928585529,6.137061812,6.009574579
5.96616279,883,5.883633658,6.49285841,6.230752914,5.96616279
5.63958904,884,5.611693869,5.739603519,5.755025083,5.63958904
5.316998965,885,5.349707075,5.370640755,5.124675116,5.316998965
5.708974693,886,5.700415268,5.727003098,5.748615453,5.708974693
5.237143434,887,5.188992543,5.246978283,5.490669864,5.237143434
6.079808818,888,6.037269948,6.152304649,6.282517395,6.079808818
5.544852213,889,5.544123836,5.419514179,5.590516235,5.544852213
5.307912272,890,5.286286133,5.717425346,5.286747319,5.307912272
6.180087883,891,6.108211402,5.585206509,6.761722823,6.180087883
6.31422902,892,6.339531144,6.535224915,6.105619061,6.31422902
5.402864668,893,5.432670574,5.243283749,5.297093355,5.402864668
5.529898903,894,5.523488941,5.62301445,5.53304681,5.529898903
5.060375009,895,5.040548141,5.005376816,5.184450995,5.060375009
5.132493375,896,5.129765465,5.114470959,5.153049583,5.132493375
6.361521114,897,6.382509311,6.57709074,6.177727566,6.361521114
5.496439582,898,5.50823298,5.369140148,5.475974485,5.496439582
6.172535146,899,6.149739437,6.401712418,6.217719876,6.172535146
5.058606514,900,5.034887513,5.238068581,5.125287122,5.058606514
5.46557084,901,5.476650181,5.454042912,5.410323587,5.46557084
5.577556001,902,5.588983833,5.472678661,5.551566714,5.577556001
5.294751758,903,5.303808273,4.794816494,5.41309537,5.294751758
5.310800322,904,5.342914449,5.092884541,5.212163453,5.310800322
5.666956218,905,5.677706067,5.586831093,5.636332102,5.666956218
6.621885568,906,6.586964081,6.949023247,6.699087483,6.621885568
5.529425574,907,5.565484128,5.501415253,5.346450099,5.529425574
5.02821988,908,5.035954766,5.131376266,4.952581651,5.02821988
5.258592178,909,5.210813743,5.446548939,5.4507582,5.258592178
5.377736484,910,5.368004705,5.386059284,5.426865037,5.377736484
5.510653892,911,5.499942833,5.225299835,5.662897437,5.510653892
6.048485661,912,6.119445084,5.809381962,5.749736558,6.048485661
5.430466324,913,5.434799085,5.417393208,5.411715894,5.430466324
5.824003574,914,5.804681492,6.021431446,5.861245303,5.824003574
7.294618422,915,7.210147009,7.284822464,7.748397945,7.294618422
5.485742707,916,5.483756589,5.468065739,5.502227659,5.485742707
5.917778657,917,5.881900054,5.960050583,6.095040483,5.917778657
5.601253209,918,5.600147532,5.678032398,5.581557014,5.601253209
5.397275065,919,5.384141717,5.208131313,5.530367386,5.397275065
5.186768662,920,5.169731425,5.192749977,5.275640117,5.186768662
4.963257619,921,4.967849636,4.777441025,5.000705723,4.963257619
6.557166569,922,6.46440652,6.513973236,7.066284527,6.557166569
5.183434118,923,5.170840407,5.231226921,5.234669527,5.183434118
6.010890691,924,5.990062441,6.394889355,5.993975136,6.010890691
6.145838256,925,6.157839134,6.0338521,6.119162296,6.145838256
5.23607841,926,5.206226431,5.654802322,5.255714326,5.23607841
5.322697352,927,5.324009222,5.276371479,5.331142547,5.322697352
5.757218127,928,5.742328488,5.472664356,5.931480832,5.757218127
10.1327146,929,10.2883642,10.42039108,9.206691081,10.42039108
5.52507215,930,5.529223051,5.62661314,5.469086898,5.52507215
6.998638798,931,7.038710073,7.024677277,6.776245795,6.998638798
6.372264534,932,6.246937652,6.945010185,6.849759275,6.372264534
5.963533148,933,5.962930773,5.650799751,6.070990238,5.963533148
5.819413586,934,5.842404651,5.741216183,5.722860253,5.819413586
5.527925001,935,5.490444178,5.327977657,5.794471878,5.527925001
5.575426114,936,5.618342933,5.220166683,5.464956104,5.575426114
4.919959769,937,4.904324007,4.937486649,4.997508208,4.919959769
6.153923696,938,6.197651464,6.147338867,5.922903914,6.153923696
10.09200622,939,9.628819301,14.63045216,11.04952106,14.63045216
5.239821014,940,5.222089859,5.207624435,5.345119368,5.239821014
6.694919996,941,6.580624182,7.217832565,7.130193403,6.694919996
5.51476645,942,5.512270944,5.276633739,5.607453266,5.51476645
4.854410009,943,4.846230463,4.776675701,4.923945694,4.854410009
5.656928225,944,5.676285499,5.467130184,5.616955326,5.656928225
5.278849736,945,5.340553721,5.118017673,5.003372465,5.278849736
5.817017551,946,5.850333162,5.425004482,5.770005351,5.817017551
4.961673635,947,4.960640259,4.997666836,4.955187261,4.961673635
4.842112193,948,4.847356441,4.763347626,4.840397666,4.842112193
4.757592234,949,4.734460427,4.756868839,4.881203023,4.757592234
5.006831567,950,4.98748187,5.157063961,5.059952404,5.006831567
5.520676145,951,5.456292298,5.718043327,5.798267564,5.520676145
7.891642517,952,8.196418033,7.098980904,6.530393554,7.891642517
6.245070816,953,6.205615622,6.860862255,6.250234665,6.245070816
6.991152594,954,7.143402976,6.492315292,6.34542958,6.991152594
5.942013474,955,5.940980197,5.806155205,5.992810379,5.942013474
5.53219099,956,5.544239048,5.303862095,5.544044312,5.53219099
5.529285991,957,5.501383749,5.535264015,5.676105274,5.529285991
5.931914406,958,5.961352379,6.04252243,5.738042423,5.931914406
6.059084095,959,6.075595224,5.928005219,6.014717582,6.059084095
7.77445003,960,7.803063103,7.463359833,7.725543706,7.77445003
5.960597439,961,5.89632781,6.052611828,6.272697248,5.960597439
5.900572768,962,5.9051175,5.908550739,5.873674913,5.900572768
5.500251854,963,5.53096236,5.401786327,5.369284256,5.500251854
5.511517795,964,5.510781817,5.587325573,5.490173711,5.511517795
5.276466515,965,5.309098689,5.208314896,5.125145342,5.276466515
5.215012557,966,5.212084387,5.282939434,5.207987093,5.215012557
4.825300706,967,4.790225791,5.064249039,4.932717474,4.825300706
5.103557086,968,5.031304983,5.052361012,5.505967033,5.103557086
6.832358752,969,6.752676542,7.838363647,6.921995573,6.832358752
5.407721545,970,5.411676377,5.409700394,5.385969527,5.407721545
6.155843978,971,6.098324168,6.04420948,6.499827759,6.155843978
6.510273983,972,6.504044647,6.634321213,6.502148035,6.510273983
6.768251964,973,6.614240168,7.963025093,7.191390537,7.963025093
6.9732221,974,6.968975584,6.891849041,7.02299454,6.9732221
5.709706228,975,5.704955656,5.710376263,5.734819189,5.709706228
5.55325532,976,5.51505174,5.376644135,5.815878144,5.55325532
5.81328816,977,5.813993326,5.767037868,5.824944039,5.81328816
5.304917282,978,5.246654039,5.281877518,5.623334498,5.304917282
5.447587874,979,5.430944457,5.456496239,5.533383227,5.447587874
4.765408549,980,4.764116359,4.754916191,4.775797705,4.765408549
6.491995874,981,6.515474682,6.636145592,6.318725618,6.491995874
5.00511027,982,5.013718771,5.053557396,4.943049101,5.00511027
5.804109004,983,5.782721745,5.853689194,5.901647616,5.804109004
5.607405962,984,5.590523671,5.838971615,5.620256259,5.607405962
7.121644823,985,7.052416192,7.658843994,7.3117978,7.121644823
6.006397655,986,5.994781558,6.063616276,6.049277296,6.006397655
5.199798992,987,5.104336931,5.174704552,5.717294715,5.199798992
6.415021795,988,6.349588182,7.04785347,6.553057174,6.415021795
5.902050215,989,5.892563202,5.580705166,6.05976256,5.902050215
6.111861505,990,6.057659265,6.570337296,6.248114813,6.111861505
5.72968863,991,5.756096291,5.687948704,5.602760963,5.72968863
5.23077298,992,5.232984228,5.254764557,5.210982465,5.23077298
5.406555305,993,5.413802698,5.325752258,5.39483681,5.406555305
6.817800105,994,6.742248008,7.119242668,7.120263811,6.817800105
6.55670563,995,6.45873182,7.595724106,6.732893007,6.55670563
5.567795916,996,5.592126934,5.717804909,5.388027449,5.567795916
6.210372095,997,6.230708925,5.87917757,6.212307215,6.210372095
7.079802351,998,7.065547878,6.836576939,7.236901299,7.079802351
4.914780962,999,4.862552487,5.098732948,5.132015381,4.914780962
5.491507298,1000,5.458438229,5.282720566,5.737471123,5.491507298
