Predict,Id,stack,xgb,lgb
6.187253286240635,5733,6.224840350640791,6.044476509094238,6.034381162085496
6.167134107464978,5734,6.230064301706295,5.911214828491211,5.916812791432779
5.184716888679524,5735,5.167373498888875,5.22269344329834,5.264556036550519
6.071389064353493,5736,6.056704153342386,6.326464653015137,6.064683274316231
5.199540094378465,5739,5.219081196078797,5.083198547363281,5.134101400981752
5.274555104918199,5740,5.250774282709758,5.380256652832031,5.366152267655508
5.035721407318897,5741,5.003636502407346,5.149132251739502,5.1690371661643475
5.37086476996848,5742,5.354499444598184,5.50795841217041,5.412448584806321
5.908334038063938,5743,5.866114491003738,6.026496410369873,6.094117538019455
6.0432967340899495,5744,6.016854070768703,6.161768436431885,6.144833704355948
4.787713697098688,5745,4.7834014372757245,4.908044338226318,4.770602202445283
5.566734195120458,5746,5.5818144364945805,5.5929484367370605,5.477568041376978
5.783342425907316,5747,5.761826496877866,5.9237751960754395,5.851283044535479
5.7710651422000945,5748,5.770633761285201,5.674929141998291,5.80541121354989
6.457023886918276,5749,6.525861856082155,6.355639457702637,6.123682781643272
4.5767612336436905,5750,4.4769474780694205,4.964919090270996,4.9797153111640275
5.356880796944831,5751,5.355013770016058,5.391247272491455,5.355382782049414
5.832432748545882,5752,5.792542821024787,5.964997291564941,6.000990807915603
4.96172095305613,5753,4.9687116805386005,4.989648818969727,4.915127804379973
5.515648416047177,5754,5.387275257451515,6.050078868865967,6.022161777617778
5.1369748885319595,5755,5.153014512264356,5.11868143081665,5.057527928654988
5.4531449745292075,5756,5.461504847429986,5.4373345375061035,5.413829051926562
6.411142773591823,5757,6.432208395135087,6.318979263305664,6.329513962123135
6.23446535109105,5758,6.250773268587875,6.19948673248291,6.159149290907595
5.735082555565544,5759,5.690587856451372,5.969372749328613,5.89429080678058
5.418465485387994,5760,5.462857594024648,5.170747756958008,5.264280188538932
5.19394620158335,5761,5.211376304285596,5.0935893058776855,5.134437912670164
5.434634245145194,5762,5.49116445320633,5.309937477111816,5.174705351760497
5.617716592088865,5763,5.66566778654725,5.3230485916137695,5.4601994756629875
5.511414348780699,5764,5.546226587681027,5.44368839263916,5.348324313886597
5.162942088530305,5765,5.1802750987113715,5.091302871704102,5.094379066770252
6.014637853765567,5766,5.979855839234445,5.8589348793029785,6.252042843279549
5.331124543741767,5767,5.2783376527728905,5.684213638305664,5.494958264054474
7.5957611247280346,5768,7.6220389882128,7.565942764282227,7.465551893485028
5.823045287563497,5769,5.845852839112945,5.754798889160156,5.724153692891601
5.014820770788431,5770,5.0459037253756325,4.933650016784668,4.876101871386632
5.4419019290932376,5771,5.452339935233059,5.424625873565674,5.391991248190042
5.108574452367861,5772,5.096863637576052,5.189939498901367,5.143910369606817
5.540993050823228,5773,5.512918123188992,5.568856716156006,5.6814381494979855
5.58125491522018,5774,5.574687015605312,5.610659599304199,5.606482112068376
5.936218763182389,5775,5.972107692606912,5.6850504875183105,5.828533898139625
5.6772821405892335,5776,5.638681735532345,5.881816864013672,5.81497276615425
5.28748107251336,5777,5.273223231127916,5.424717903137207,5.31777716381849
5.594141850463005,5778,5.622018092374232,5.473733901977539,5.485604463625433
6.029296535012226,5779,5.962697227886977,6.578915596008301,6.2012864462784325
6.346031165402518,5780,6.34067651488298,6.3389997482299805,6.376933067494469
5.638095707982749,5781,5.59547265543706,5.814908981323242,5.806480777903634
5.186962950825754,5782,5.133560819505019,5.32435941696167,5.425975456087943
4.792629870787425,5783,4.762281196723061,4.97590446472168,4.893397914617733
5.663864782377427,5784,5.682854494708834,5.579423427581787,5.590733474611563
4.876558473824086,5785,4.870444694175104,4.952103614807129,4.8839835253529955
4.903954639851079,5786,4.902859644015349,4.960003852844238,4.891111566512137
4.835482485250082,5787,4.797900630946245,5.045564651489258,4.965891613054384
4.977790791392105,5788,4.967663288119471,5.020260810852051,5.017647469026169
4.742317683898633,5789,4.70252813392697,4.933311939239502,4.890863865300539
4.677046537609222,5790,4.658183160020347,4.859259605407715,4.71691348908062
5.152307209454468,5791,5.161634343624947,5.182103633880615,5.0926303921396245
4.879650010758561,5792,4.843362565800256,4.999501705169678,5.033232485732476
4.77799689208492,5793,4.727854082325588,4.997396945953369,4.972291819775436
5.181983871923493,5794,5.167565514189771,5.209463596343994,5.249721792223648
5.155409321027358,5795,5.15939540704354,5.098317623138428,5.153180682097841
5.273642007505445,5796,5.246415813199852,5.370715141296387,5.38649062613519
6.338572101860871,5797,6.327640702125363,6.179778575897217,6.449804075771464
5.070918364778475,5798,5.008453625134109,5.346210479736328,5.312299564826043
5.020933133741385,5799,5.051611410858004,4.963214874267578,4.876555035874255
5.021487646379862,5800,5.0220914304541395,5.000693321228027,5.025198946104087
5.05746618335989,5801,5.050491437951253,5.040700912475586,5.1002532094309565
4.707284837167576,5802,4.660832215027316,4.9176106452941895,4.8849235724083035
5.897740389157638,5803,5.798790327480528,5.964675426483154,6.403162332590621
5.792571233956497,5804,5.790756424217988,5.865589618682861,5.777910638443804
6.316206919385648,5805,6.3220711085656704,6.260838508605957,6.303387380685423
6.009819824939558,5806,5.971347215131114,6.22609281539917,6.142915961222097
6.09802418275545,5807,6.111205674003095,5.854776382446289,6.10880545646797
5.335551387288433,5808,5.315311022118247,5.510484218597412,5.385188938550472
5.990162934341707,5809,6.028845926240467,5.839128017425537,5.834198656256806
5.358186059886892,5810,5.359008658838185,5.218550205230713,5.400344031156094
5.795403997253863,5811,5.797022031424884,5.795767307281494,5.78665337833254
5.611035662938088,5812,5.590148442729532,5.835082054138184,5.647752080053446
6.6863393454099445,5813,6.752326295566022,6.25428581237793,6.478426669712247
6.239541896817159,5814,6.264821406384941,6.207428932189941,6.1154220878585335
6.486435158948937,5815,6.449189701563575,6.661082744598389,6.6268616172450905
5.3546242692284896,5816,5.29596152386413,5.697142601013184,5.55331950697994
5.293438787420705,5817,5.293210078352358,5.290333271026611,5.295693622040629
5.603065207309558,5818,5.4879896911230865,5.766359806060791,6.162369641511039
5.873007322441446,5819,5.894638600008326,5.7564005851745605,5.796509341700855
5.899100132989549,5820,5.964382552667452,5.741725444793701,5.603385417702917
5.944304454256854,5821,6.00434666285787,5.651397705078125,5.721714924777679
5.528968142470212,5822,5.506433247926059,5.703939914703369,5.590830362364405
5.6991227427814755,5823,5.693868668060584,5.6327738761901855,5.7492606442807
5.654349984018184,5824,5.6519909546760125,5.701850414276123,5.651097917617595
6.275347162321058,5825,6.209388626897835,6.117664813995361,6.6796866814775235
6.390314153374839,5826,6.442259715504047,6.230156898498535,6.166656867241399
6.335877934457929,5827,6.340648238715039,6.357741832733154,6.30314830592517
5.712241199455439,5828,5.736466103446835,5.434009552001953,5.675785633722249
5.649030210732674,5829,5.66986987811216,5.541332721710205,5.573784401576706
5.671728387536813,5830,5.69161380657632,5.6196770668029785,5.583023180097865
5.723050379664564,5831,5.753169772573797,5.52174186706543,5.629516375542175
5.880849709450024,5832,5.8422185684447,5.941929340362549,6.066522624244
6.116079478866143,5833,6.122051765667074,6.162452220916748,6.068769741647408
5.557033372652137,5834,5.598203942250258,5.545801639556885,5.341200952230338
5.794402941619099,5835,5.714165579243027,6.029687404632568,6.143907346883894
5.5909309081648715,5836,5.607006127577836,5.821566581726074,5.428317846775327
6.442000835141992,5837,6.450719968095749,6.615484237670898,6.337670952142553
6.024660511265816,5838,5.980978968907552,6.231459617614746,6.188695582517628
6.028294100285261,5839,6.059778120924349,5.961883544921875,5.8825161355948214
5.642630112386916,5840,5.62521266925415,5.858304500579834,5.6636316796973585
5.517641569377768,5841,5.54237691411971,5.404119491577148,5.423560423354286
5.328067736430761,5842,5.39513755015459,5.047646999359131,5.063835523051588
5.777801589737354,5843,5.7785672583657695,5.83318567276001,5.755256583238723
6.564198911681511,5844,6.591909745302063,6.602641582489014,6.403593456226773
6.141958478747437,5845,6.157163554792944,6.2578864097595215,6.022222135903801
6.005785471615653,5846,6.06022834604293,5.7859978675842285,5.78868592987445
5.9178192145503665,5847,5.920034492681454,5.87748908996582,5.919447653503461
5.865820154216425,5848,5.843012955364222,5.901271820068359,5.97564136588062
6.444433112532093,5849,6.56842919583874,6.015320301055908,5.926158232318936
5.044769942621027,5850,5.045458975448492,5.086848258972168,5.027069035160595
5.494561991969934,5851,5.512017428974577,5.387869834899902,5.437030300828988
6.139575304992507,5852,6.127249295725406,6.217185974121094,6.179443837777278
5.6063529995002455,5853,5.671352761143056,5.524454116821289,5.2869872316315725
5.0522967883314,5854,5.087689871399075,4.934380054473877,4.902839256589645
6.360453218806622,5855,6.3902879312644805,6.051054954528809,6.304467427651121
5.10420185091517,5856,5.109319764297488,5.166106700897217,5.056271323145699
5.265429444820818,5857,5.25877265471155,5.2960286140441895,5.290732522856256
6.001960133706903,5858,6.04993354153616,5.853813171386719,5.795484239654489
5.316470108388241,5859,5.283029086893302,5.373777389526367,5.475719676772585
5.959024174549066,5860,5.956774586964142,5.738902568817139,6.044395803842867
5.216653026087561,5861,5.222466256111472,5.170724391937256,5.200958677343472
5.019394077701898,5862,5.02224234648771,5.081986904144287,4.983339075099872
6.356535597016551,5863,6.338781392877916,6.465672016143799,6.414845799907327
5.496043506518143,5864,5.528044254339981,5.320006370544434,5.384051817320051
6.153117952867852,5865,6.215891326771293,5.745265007019043,5.954277647068862
6.1924286627326035,5866,6.241980602186813,5.860762119293213,6.038707206526373
6.172605930390063,5867,6.178572463210922,6.251073837280273,6.114628373575878
5.948100720821687,5868,5.958060636935672,5.961873531341553,5.890390231373807
5.448548758883925,5869,5.471922088414638,5.284241199493408,5.378660108377435
6.148977134219796,5870,6.116786075436254,6.133471488952637,6.3258312500148755
5.4272809384422604,5871,5.445331517184529,5.465276718139648,5.318345885514597
5.759674031455231,5872,5.764701790277462,6.024456024169922,5.644598653498431
5.78436206436473,5873,5.8030851011003906,5.730859756469727,5.702340010809309
5.614460362299866,5874,5.584269089513137,5.876040935516357,5.688286919687158
5.346005950310577,5875,5.345175098855901,5.229576587677002,5.389246866140515
5.554769648081466,5876,5.554230357529768,5.661128997802734,5.522192628574141
6.252996511859689,5877,6.200321450062816,6.565581321716309,6.42973515868461
5.937536186414254,5878,5.932472338440009,6.190577983856201,5.88019599058696
6.708555180471877,5879,6.827124650640212,6.5358052253723145,6.133767911801081
5.0542608138884395,5880,5.053098295773949,5.076118469238281,5.053174945909583
6.77012088300315,5881,6.769189270946305,6.663581848144531,6.810602531995622
5.4836082838294935,5883,5.465315887636346,5.505542755126953,5.573856239760458
5.575681425808021,5884,5.536739193390007,5.7307000160217285,5.731700508369295
4.844407210591569,5885,4.820478084219677,4.974786758422852,4.9285693090265905
4.959498158274225,5886,4.899915522949162,5.163578510284424,5.209245469074253
5.948707603055067,5887,5.96057892389616,5.687903881072998,5.972328505633022
5.812007902980366,5888,5.895318057763698,5.568732261657715,5.4487788387008536
6.674232415680284,5889,6.711891176536397,6.567070960998535,6.509106136271832
5.114849601863281,5890,5.096931747498476,5.161904811859131,5.194726461546721
5.912256892461273,5892,5.890957458280564,6.0649333000183105,5.974961659433181
6.126541441667742,5893,6.068502312252759,6.265455722808838,6.389778585624665
6.145190603211439,5894,6.15023365417251,5.7989630699157715,6.233703429711429
5.740320348678949,5895,5.753257650996346,5.574398517608643,5.726628640273171
5.769285552561234,5896,5.856850854283676,5.372725009918213,5.434457417852788
5.338480109167017,5897,5.364320652372552,5.210862636566162,5.243202996534688
5.896175319081582,5898,5.883175525425244,6.039334774017334,5.917787614394173
6.282801175310748,5899,6.298330917737789,6.117199420928955,6.255176387687606
5.272572819335042,5900,5.271893418157605,5.191153049468994,5.303336136097193
5.155934060881793,5901,5.140218760134148,5.2527360916137695,5.207481614888814
6.301789972273408,5902,6.314371870457536,6.141574859619141,6.288091513106386
5.404600749897081,5903,5.4563442239580215,5.170751571655273,5.206585201513137
5.777561340302942,5904,5.828826506196233,5.483962059020996,5.602013469826508
6.344611661249988,5905,6.382745377244504,6.18473482131958,6.194524162325801
6.798431290158724,5906,6.734906809986776,6.501674175262451,7.2361475957776324
5.751138200662521,5907,5.766550237604226,5.741156578063965,5.672267758630329
5.257368806193655,5908,5.239531041359661,5.1248345375061035,5.396681562064619
6.027508140895362,5909,6.023344563618197,5.951679706573486,6.074989951674669
7.167819773519469,5910,7.128094462040529,6.9552459716796875,7.450545916144451
5.131337717704982,5911,5.112858410826773,5.170509338378906,5.216836853900553
5.9111389251473065,5912,5.951988049766694,5.478860855102539,5.837369656928591
5.359700466134735,5913,5.36628759642745,5.5931477546691895,5.24675330199234
6.241245115346641,5914,6.284117396806383,6.068504333496094,6.070173168441768
6.518300687564832,5915,6.57551967445744,6.260307788848877,6.299130310903379
5.606703588114736,5916,5.5912009204947575,5.707682132720947,5.655724887746359
5.9539353229817475,5917,5.947218551182817,5.7971014976501465,6.042035928477291
5.586030928140204,5918,5.539390195036292,5.435733795166016,5.88488054901913
5.368414336235148,5919,5.248701842360376,6.051126003265381,5.779310374820758
5.611733321025928,5920,5.640414073623312,5.539872169494629,5.482723064086741
5.226813269914874,5921,5.013145686365466,6.069677352905273,6.0854189814451525
6.554559134695572,5922,6.513585984346156,6.530801773071289,6.781001763503649
4.987876403599868,5923,4.955424701653007,5.192664623260498,5.092689327956729
5.781605794822282,5924,5.7921185402150135,5.7314043045043945,5.7422716097639155
5.382356760654497,5925,5.393759701255725,5.230114459991455,5.372288511002296
5.512922063349869,5926,5.51879909582536,5.426636695861816,5.510339599837078
5.511029210451867,5927,5.533504548302285,5.3908305168151855,5.431226933392105
5.311043836327692,5928,5.298859017403141,5.364551544189453,5.358193634638043
6.3247361047338835,5929,6.360191661473037,6.130560398101807,6.200364958196231
6.573182828386669,5930,6.555321829241933,6.332126617431641,6.748793481337409
5.509300442249615,5931,5.526513289745836,5.371498107910156,5.4634325811736355
5.401790650082762,5932,5.390839557082366,5.3818464279174805,5.466844553473298
5.223654334467334,5933,5.217516658749409,5.328731536865234,5.221362870830296
6.503871394688654,5934,6.55090868335779,6.343085765838623,6.306601064736606
4.87021778334094,5935,4.77709217849823,5.1946120262146,5.258756221807744
6.298937597295766,5936,6.315662616572735,6.4040422439575195,6.174702612264682
5.698372587436608,5937,5.681627478178567,5.807075500488281,5.751445532462268
5.179463198109526,5938,5.090847712964438,5.318427085876465,5.605757822961017
5.141553286090317,5939,5.1641290903540655,5.044343948364258,5.053552069522578
5.975274081612023,5940,6.034210446182515,5.619556427001953,5.77951939517585
5.1313111587369695,5941,5.063566992779712,5.448816299438477,5.386778290538746
5.510928628706727,5942,5.511215858341747,5.562028408050537,5.4923635172751135
6.023590658587434,5943,6.04311985890302,5.817093849182129,5.988267193372747
6.415415428894839,5944,6.4006705614061925,6.231292247772217,6.555429036402301
6.723128884176039,5945,6.728406072805409,6.931258678436279,6.625607160856694
5.299797959006458,5946,5.198408072362543,5.865145683288574,5.652094700207102
4.9743056474523994,5947,4.948706031995501,5.0784196853637695,5.0761321313761085
6.229292578750241,5948,6.309381401900794,6.04252815246582,5.864406997375426
6.95476623902392,5949,7.053799903077644,6.6119608879089355,6.54085506830286
5.051820802805169,5950,5.054706057203611,5.082104682922363,5.026338112904649
5.796153368622371,5951,5.866466880578474,5.516663074493408,5.514311363163046
5.819885141055709,5952,5.850394980400168,5.65948486328125,5.710632757143413
6.190500285240866,5953,6.13243625727953,6.404423236846924,6.428867490235725
5.9237051609638165,5954,5.94832015759032,5.767413139343262,5.844522440023122
6.145986801917697,5955,6.195149762033219,5.9451470375061035,5.950730856632585
6.593550421919045,5956,6.600982791433494,6.207856178283691,6.682475746511145
6.580827163519446,5957,6.587683004598661,6.531805515289307,6.560603266910109
5.172211141745076,5958,5.180223509880469,5.21380090713501,5.1156151373503755
5.987521486319003,5959,6.008105392087832,5.943485260009766,5.892419318182131
5.718591574432159,5960,5.740229067955926,5.706018924713135,5.607382531948175
5.71948068335085,5961,5.733569821878363,5.654677867889404,5.665939589427693
4.8859163104158165,5962,4.885923287591817,4.98361873626709,4.853311583790289
5.714617857741073,5963,5.672032974594356,5.763153553009033,5.925558709170672
5.903514721345715,5964,5.928556039913084,5.823484897613525,5.796637511021185
5.289570646215649,5965,5.294446373777189,5.249815464019775,5.27681845354963
4.852581668667205,5966,4.868589848622342,4.881802082061768,4.757464531371858
4.742728699718237,5967,4.695184996898363,4.961374759674072,4.923413114640503
4.800156725218765,5968,4.793338157976261,4.9137983322143555,4.798641901381803
4.777591758609985,5969,4.756085539448212,4.986908912658691,4.82251916972011
5.962398868770921,5970,5.990977378756959,5.926309108734131,5.822010029121218
4.894326942179537,5971,4.904853776607991,4.914698123931885,4.831393371705685
6.207463898963531,5972,6.217438640939179,5.996096134185791,6.224721196685986
6.319685429439814,5973,6.269555125430491,6.453643798828125,6.542394181553905
6.185302453584252,5974,6.210395532846951,5.967243671417236,6.124158878766004
5.844414184700588,5975,5.873144126874427,5.667466163635254,5.750170380919263
5.834164014359165,5976,5.835922702545256,5.7226080894470215,5.861969692073821
6.370010583438673,5977,6.422680532311107,6.316812515258789,6.1068368391092225
6.262680533296046,5978,6.2687556089566545,5.91024112701416,6.347759971603186
6.456371349234555,5979,6.498019392662509,6.488646984100342,6.223489945733296
5.470014996262289,5981,5.496626968977508,5.376608848571777,5.359219817941523
6.313180972835571,5982,6.361960769210271,6.037909030914307,6.144779253601631
7.164562135067577,5983,7.2338031975636845,6.296360015869141,7.084677214557573
6.3750600859669655,5984,6.481502564435688,6.1063551902771,5.896935166030401
8.097310670147122,5985,8.159453081916507,7.165487289428711,8.076492227880111
5.5989660119353735,5986,5.605983137353945,5.446377754211426,5.6124040161381075
6.428004533360564,5987,6.50030966762774,6.167500972747803,6.1292115913336875
5.832198872966333,5988,5.9055082166797055,5.345186710357666,5.603553133767662
5.530727196500202,5989,5.5938902658054985,5.205976486206055,5.3021077700397585
6.887125624423367,5990,6.910783094991227,6.659300327301025,6.836894213768894
6.757096392738656,5991,6.805290514916658,6.428446292877197,6.609611147479553
6.091048921922525,5992,6.13694921358373,5.758695602416992,5.957031806231272
5.684215792667106,5993,5.7187976905069355,5.4531683921813965,5.576794685140629
5.525795142133049,5994,5.576169371702804,5.290766716003418,5.335475313664709
5.867823639883319,5995,5.937176708170905,5.386370658874512,5.658424816809846
5.731696425656538,5996,5.798288443650388,5.274461269378662,5.5289506356424365
5.459932895764884,5997,5.541529480760023,5.1376447677612305,5.132180405652501
5.918191913453812,5998,5.899613760777305,5.996201515197754,5.99127215407744
5.30658659115976,5999,5.345145075230679,5.113861560821533,5.1651830195609305
6.125768083233851,6000,6.165500796084196,5.829401016235352,6.012649303698176
5.170439784921347,6001,5.196773965343196,5.078843593597412,5.0605228069732675
7.138935851135197,6002,7.255886279771779,6.692252159118652,6.664094795745608
6.620248781536361,6003,6.650381850922665,6.371432304382324,6.542477824387895
6.3601288529447375,6004,6.432172228386594,5.908894062042236,6.126309153958765
7.09539201393275,6005,7.16068672711379,6.731554985046387,6.868432592999094
6.63153577245215,6006,6.70462311463134,6.26610803604126,6.363545819896996
5.459927632006475,6007,5.451644145931325,5.443328857421875,5.509639030059521
5.41069657977632,6008,5.480774009417858,5.1271538734436035,5.131464484062594
5.388588847792569,6009,5.393302287856399,5.384430408477783,5.364836686960162
6.219138045648072,6010,6.249550759573272,6.0901408195495605,6.09993594034341
5.4892073020355205,6011,5.500729126116949,5.416656017303467,5.451941295442157
6.280014032695016,6012,6.293938405297425,5.851327419281006,6.348646130744212
5.616609905369277,6013,5.639046780822301,5.4560723304748535,5.5504589753753315
6.4842642747334285,6014,6.553100009537232,6.044278144836426,6.263802399078808
6.2254124198213905,6015,6.325956325396565,5.859368801116943,5.811192716849079
6.225140294101587,6016,6.270113771540928,5.9755940437316895,6.0684638709515
5.184423903788054,6017,5.212093512026717,5.042757987976074,5.0840746317858425
6.071152451735088,6018,6.153212239015854,5.583443641662598,5.79606985626183
5.968038726928629,6019,6.043499032030932,5.602262020111084,5.6875093353221935
6.108004447921022,6020,6.183972597912943,5.704434871673584,5.837364093907063
6.165236385431408,6021,6.242028397537705,5.739595413208008,5.897559351342052
5.956050466167944,6022,5.978425994865592,5.999311447143555,5.822293866912658
5.52587184672978,6023,5.530769859454813,5.459084510803223,5.522011557505122
6.295137346612173,6025,6.345591953162819,5.9546613693237305,6.139538104104874
5.9417651637074504,6026,5.979417084850561,5.8281450271606445,5.778828256723364
5.635410700119898,6027,5.63173901962948,5.588818550109863,5.670523633265946
6.084154454093264,6028,6.073747354755138,6.144298076629639,6.119611030244945
5.793146945968208,6030,5.841528600804047,5.652424335479736,5.582018871130599
5.957205514101675,6031,5.9895012685366735,5.842067718505859,5.823340795383386
7.38112523230504,6032,7.420349678159916,7.140534400939941,7.252125091797637
7.132001346382819,6033,7.202557541892851,6.568131923675537,6.943658071495313
4.9713063563333675,6034,4.9808576552007855,4.979101657867432,4.917767641994238
5.5399065435152055,6035,5.569250190728409,5.401660442352295,5.429489006223128
5.935983102112939,6036,5.9387690591469795,5.602715969085693,6.032213629467606
5.994766318718913,6037,6.048178244037476,5.950596809387207,5.724625847060712
5.583137437935138,6038,5.615755980292795,5.275199890136719,5.511817688224005
5.492853543210808,6039,5.534767160854918,5.324693202972412,5.32536765611859
6.269455204299584,6040,6.350066840133757,5.731712818145752,6.018773822692644
5.147196161793106,6041,5.100940654618091,5.261312484741211,5.355853346270958
5.8775628857545525,6042,5.962778059776671,5.396358489990234,5.583483462627789
6.962821276546565,6044,7.027714269993565,6.8273115158081055,6.66189523174205
5.900266543103683,6045,5.937551983437861,5.588161468505859,5.805445925923775
5.991888937523768,6046,5.995695920191013,5.648985862731934,6.085885975422879
6.79593461079982,6047,6.815836832576751,6.192497253417969,6.89093509457418
5.642242104428135,6048,5.617736614080603,5.5459818840026855,5.805024713617264
6.130321550432163,6049,6.166365841140273,5.937220573425293,6.002452365394299
5.540767970263814,6050,5.53991825406295,5.369762420654297,5.602301520662297
6.223008001528739,6051,6.254047889846152,5.9826860427856445,6.137569170610703
6.443032661522043,6052,6.444657862639547,5.962061405181885,6.594688714078504
5.207051797048566,6053,5.249066314313135,5.027221202850342,5.04291782356408
8.099213428999473,6054,8.049357676466585,7.436699867248535,8.585948629758525
5.317529941139827,6055,5.375460500988615,5.039283275604248,5.101315724582189
5.617220163905973,6056,5.664587635596912,5.257709980010986,5.484430296713094
5.686062047495782,6057,5.697887878503957,5.531520366668701,5.674504882130967
5.3461940625189515,6058,5.309181187264638,5.48594331741333,5.4970128994376335
6.534229112330186,6059,6.6182237490953355,6.033827781677246,6.253058199536797
6.209720674217348,6060,6.230042556841079,5.904106616973877,6.2032086923750285
6.05175351852749,6061,6.127337268894906,5.67629861831665,5.773791776901786
5.5083623317063966,6062,5.55571270477097,5.382602691650391,5.297746848977572
5.7312455661853905,6063,5.848137414565375,5.1748833656311035,5.293276362204039
5.515807977320027,6064,5.509963879807489,5.558567047119141,5.532723474120526
6.2986177825338405,6065,6.3658342817465146,6.003833293914795,6.038391243202826
6.104629417741865,6066,6.162954666852471,5.8133769035339355,5.89064559388794
6.678787151761396,6067,6.7572816933808095,6.315176486968994,6.38135315138866
5.317842397629862,6068,5.358876378950174,5.085086822509766,5.176579688961566
5.798743173959789,6069,5.847963848774652,5.359631538391113,5.682603373997215
6.26111540271666,6070,6.326491759790852,5.920013427734375,6.026142037439105
7.107264884263138,6072,7.1609910392428056,6.631575107574463,6.97928861019804
5.474816607800215,6073,5.482699507431297,5.5019307136535645,5.423736441149991
5.638738462237246,6074,5.487979780220692,6.274499416351318,6.230864488023941
6.008079382442105,6075,6.050514028370993,5.91616153717041,5.812400552578599
5.657867189705241,6077,5.615071881704763,5.720669269561768,5.865174686546331
5.390335053641382,6078,5.382022377466492,5.3448591232299805,5.44982789057174
5.804084508488381,6079,5.85278355398008,5.47282075881958,5.654777436282724
5.764320857718799,6080,5.787430011209234,5.599283695220947,5.696084466338855
5.409469468801991,6081,5.391090857893644,5.433747291564941,5.499396159128615
6.813543410400382,6083,6.992711274557897,6.093872547149658,6.09787167650435
5.6770992259639605,6085,5.6782455812807,5.659724235534668,5.676776914944921
5.590596621916593,6086,5.574379591371117,5.536556720733643,5.695100712150347
5.245229999020053,6087,5.207103717569948,5.406128406524658,5.394937245043117
5.1639449481891875,6088,5.190077255951755,5.036931991577148,5.0669102128533074
5.25832204924034,6089,5.27447363008379,5.2593817710876465,5.171826924916886
5.263954051041829,6090,5.2767297066085534,5.246119976043701,5.20176187328224
5.150071720703582,6091,5.17421553938347,5.064690113067627,5.049765223622832
5.1965370764345735,6092,5.205676953816611,5.049274921417236,5.196878369263293
5.21542505025766,6093,5.2005935325703305,5.124466419219971,5.324846021602645
5.949133390651397,6094,5.932114134830986,5.78245210647583,6.09546314334902
4.866797125671854,6095,4.830188376181449,5.042670726776123,5.003419176446393
4.793742061044951,6096,4.776591701139873,4.9231953620910645,4.842059487252013
5.595012862790996,6097,5.591927960853483,5.554062843322754,5.625115719350236
5.637207850841381,6098,5.6456843048129,5.552725315093994,5.620160981312172
5.5779120550542665,6099,5.5918882453827345,5.400446891784668,5.56252730851635
5.651059065450342,6100,5.66276755877522,5.43565034866333,5.6604166733133265
5.186445444726348,6101,5.197288950318348,5.113442897796631,5.152947517739395
5.0079151422164765,6103,4.946239501753405,5.19224739074707,5.275407729036464
4.956942006021246,6104,4.97464668594963,4.924515247344971,4.873325985830167
5.357195370611969,6105,5.334953035734787,5.590754985809326,5.397967832348524
5.239440077412267,6106,5.246137168121432,5.21563720703125,5.21165659016015
5.831928746579276,6107,5.856192830385197,5.744749546051025,5.7315799139144925
5.0878468815269855,6108,5.081504447143425,4.987401962280273,5.155154837988206
5.544905678784762,6109,5.5574549577377645,5.535556316375732,5.481092525962463
6.113897685061772,6110,6.120574144199939,5.990833282470703,6.119311251312611
5.740359867507779,6111,5.785325742655697,5.527801036834717,5.571394850013005
5.686200557584248,6112,5.694961099101883,5.723019599914551,5.627204575907225
5.037498526293573,6113,5.028287991464937,5.040835857391357,5.085508974750131
6.18191892854555,6114,6.135855579946881,6.166177749633789,6.432837101236178
5.586062539484259,6115,5.6071526939574206,5.475176811218262,5.510543505840102
5.81614077311508,6116,5.8064419226038035,5.940685749053955,5.826352944125839
5.44560152071498,6117,5.453777903053497,5.48543119430542,5.388717471170123
6.155880560804469,6118,6.165250035755472,5.969092845916748,6.1681725993617
4.845826547172615,6119,4.817008446781904,4.953021049499512,4.963791561945887
6.4523442789029914,6120,6.441803596339361,6.46092414855957,6.5057012960234895
4.808517876313186,6121,4.815225281474091,4.869792938232422,4.75231998841218
5.415881755875619,6122,5.468118229949807,5.216756820678711,5.203662126406055
5.555556952648978,6123,5.552047543743677,5.565672874450684,5.570901746737155
6.17479226641401,6124,6.24295916579243,5.625214576721191,5.994428032960038
5.37199022168622,6125,5.353174879100755,5.361662864685059,5.4757810883362295
5.100675243908454,6126,5.094053415638217,5.081090450286865,5.142519965626683
5.695673588523917,6127,5.676671386118751,5.7796406745910645,5.769029639329088
5.076429285059256,6128,5.10184032705888,4.982156276702881,4.97232800424208
5.659400730216481,6129,5.693058094143079,5.503837585449219,5.531749210600143
5.258662893723082,6130,5.294887458167812,5.094309329986572,5.120249698193596
5.351053506814612,6131,5.3555912484783255,5.230164051055908,5.367148742930808
5.750801873113162,6132,5.72479833420298,5.885284900665283,5.844659658643901
6.336607022679292,6133,6.402684703628641,6.229711532592773,6.019824474838741
5.235834511315637,6134,5.208474952911253,5.258452892303467,5.374212695809738
4.927990379477106,6135,4.899859161425145,5.0034565925598145,5.052868177796418
5.842152724821851,6136,5.841228612502035,5.816837787628174,5.855519517049469
6.135343653318136,6137,6.0785976738222285,6.365720748901367,6.361196551838325
6.198570100472569,6138,6.203730368852115,6.194465160369873,6.172416982482553
4.699447552075179,6140,4.676694388792363,4.875252723693848,4.762195992640872
6.185111434688961,6141,6.180708595200483,6.174356937408447,6.212178077721011
5.646348557240793,6142,5.653057134047248,5.58452033996582,5.631178767488729
5.893862712652576,6143,5.897256490249637,5.790210247039795,5.910313347602751
5.1423886116431525,6144,5.127741938452068,5.141697406768799,5.220734563883956
6.423910451751581,6145,6.404529745162501,6.565788745880127,6.479981376044301
4.942972914419611,6146,4.919218455405511,5.157634258270264,4.998109462001966
5.339750604628227,6147,5.356551422193175,5.264822006225586,5.2751223642765215
5.551395759342542,6148,5.623584856415491,5.186652183532715,5.287968314347466
5.197975935336977,6149,5.242802242344577,5.07289457321167,5.000596045601788
7.098614775656551,6150,7.168450210757106,6.639461517333984,6.8792102078944435
4.8340473932173875,6151,4.844417664488989,4.855337619781494,4.771642497844383
6.054078986479823,6152,6.038812845661657,5.88628625869751,6.191429233964614
5.484825305365455,6153,5.488421757792422,5.4910101890563965,5.463582478648699
5.713469133606852,6154,5.721011610168232,5.8946356773376465,5.612853664563028
6.782387067308424,6155,6.839426588073322,6.417298793792725,6.5998723413311
5.739707401477906,6156,5.759383186909935,5.685781955718994,5.652745067496485
6.627255939981757,6157,6.582974733985639,6.501488208770752,6.905344988767819
5.2313360185027395,6158,5.184275112551807,5.429403781890869,5.416304929111666
5.555269028359823,6159,5.5276447877494785,5.617615222930908,5.681816127548675
6.582065493101169,6160,6.493541109526261,7.028388023376465,6.905421242866286
5.397527422416509,6161,5.404484145047606,5.375048637390137,5.367917869795875
5.706227032523822,6162,5.762577313911382,5.294402599334717,5.542966930047007
5.205721165247055,6163,5.234403943996365,5.0953755378723145,5.089528141569452
5.618937807010572,6164,5.595884143372831,5.727520942687988,5.705696221713193
5.421383084145692,6165,5.453921627695022,5.397057056427002,5.255952900858584
5.8590129319571,6166,5.873891348668044,5.804264068603516,5.79791103701969
5.633025624682921,6167,5.661124805337866,5.5011773109436035,5.527112765769654
5.395137240750179,6168,5.398490403281287,5.516374111175537,5.3368414171091505
6.704685211112821,6169,6.666719560244877,6.709971904754639,6.905406411458151
5.501181873122371,6170,5.488259269173822,5.579668998718262,5.543940092052431
5.184847587673634,6171,5.175808869677466,5.256340503692627,5.209223111646861
5.356463250401536,6172,5.359511555219042,5.461336135864258,5.305247916747734
5.692504684968442,6173,5.671133426958701,5.833090305328369,5.759622774760894
5.5031678197856815,6174,5.540761563686544,5.390977382659912,5.340064704426097
5.2873038902684595,6175,5.271529925834151,5.356280326843262,5.3484395947962655
6.070993364660594,6176,6.0548434578866726,6.132392406463623,6.136659893256926
5.079979476970242,6177,5.1019990855670905,5.097568988800049,4.956678314370918
5.411618412044077,6178,5.455233613309524,5.198263645172119,5.250122300655441
5.992526949709175,6179,5.937174840485052,6.18035364151001,6.225129261901122
6.238873364331054,6180,6.274033032036959,6.202583312988281,6.063451820347149
6.600979134847458,6181,6.652731219182086,6.425847053527832,6.3833452596266955
6.2895345173462545,6182,6.223919433497152,6.636937141418457,6.523680716780964
6.254249122321279,6183,6.279079214740563,6.446320533752441,6.057798198677803
5.256846430825907,6184,5.219625244728185,5.542550086975098,5.360124871297358
6.295052544877379,6185,6.309528112601111,6.247515678405762,6.233695139174677
5.485507421096072,6186,5.486665918654895,5.544389247894287,5.459701412376752
5.390002799009896,6187,5.382132248446152,5.43707275390625,5.416288964508459
5.932027970849759,6188,5.941360192936771,5.8917694091796875,5.8956756005392945
5.991730865535062,6189,6.038769353058421,5.7628936767578125,5.817138034739322
5.7308939851093,6190,5.774152660458654,5.501123905181885,5.576770957345926
5.76708427841389,6191,5.831277558142891,5.4590067863464355,5.527412537742176
5.642671049071266,6192,5.67457532465655,5.4289631843566895,5.543750827784849
6.180836513554692,6193,6.1528546087478215,6.010885238647461,6.386723764160414
6.001511756579139,6194,6.002487011153862,6.002328395843506,5.996038185759155
5.555467249519179,6195,5.5882345736252805,5.448994159698486,5.416199257296634
5.5377257399949205,6196,5.56588065542337,5.370802402496338,5.44320734327915
5.821922662531169,6197,5.831593697900079,5.8557562828063965,5.75906589406881
6.293050034860834,6198,6.31217688382607,6.029566764831543,6.278867811180048
5.645829507000359,6199,5.658753580959865,5.530012130737305,5.615506864900916
5.923432042742674,6200,5.980477811473036,5.6140031814575195,5.722330777399839
5.652473678973447,6201,5.686108544026616,5.491569995880127,5.5267222135814595
6.201624201400445,6202,6.202351455895021,6.1183295249938965,6.225510323425361
5.85421502517527,6203,5.845095325205902,5.823160648345947,5.913204764745714
5.537904218449279,6204,5.520714005819884,5.521200656890869,5.63515312685266
5.893246124024921,6205,5.928725053563147,5.751372337341309,5.751316349242725
6.334115959452996,6206,6.342798198678397,6.199756145477295,6.332597248506331
6.413363757331972,6207,6.432149450009718,6.266026020050049,6.362286015214395
5.785911342556867,6208,5.801305744815636,5.737504959106445,5.719943324993576
5.433795243771137,6209,5.4310851533057045,5.324254035949707,5.4847627955272555
5.349680048994335,6210,5.368068215279488,5.228325366973877,5.292061270271053
5.830123904721064,6211,5.84479793886284,5.695539474487305,5.796723786569984
5.879727938409978,6212,5.915984033960917,5.749007701873779,5.729935388441081
6.130699335020686,6213,6.169130634911503,6.015784740447998,5.96403726712722
5.336989016298934,6214,5.3193100291188395,5.336275577545166,5.431514721107594
5.69062318131865,6215,5.715555949948788,5.51474142074585,5.616275629079082
5.457663016256428,6216,5.447685672452278,5.467888832092285,5.5074669510030425
5.521141759000623,6217,5.557990318499687,5.307461738586426,5.395842821546782
5.283060098183085,6218,5.321295512540955,5.126409530639648,5.131354744122258
5.532549870209008,6219,5.529183975418434,5.5534820556640625,5.54352387420396
5.501070697238287,6220,5.528992104384327,5.416110515594482,5.380476506867816
5.825666490259301,6221,5.809512502857957,5.718947887420654,5.9473938381367235
5.578701327993516,6222,5.58372093471685,5.574021816253662,5.553489889645918
5.490536898423826,6223,5.514095174602448,5.298221588134766,5.428997822497763
5.221900056710019,6224,5.258103888644267,5.094727039337158,5.071203879378788
5.518830105700905,6225,5.533556897702657,5.408260822296143,5.477143642826481
5.083347456996881,6226,5.057698133170552,5.184070110321045,5.186569513753287
5.713200955659471,6227,5.702208934434707,5.76896858215332,5.753235899763361
5.733716114061306,6228,5.7791765035373865,5.440318584442139,5.589059880061934
5.210053318590202,6229,5.180415477928531,5.298400402069092,5.338672734556384
5.131785201568926,6230,5.130001659787731,5.123235702514648,5.1441472971564846
5.39334951657814,6231,5.361896924763466,5.372074604034424,5.568188230964782
5.537955791736655,6232,5.579301981117735,5.313703536987305,5.39219357302378
5.3064184744371605,6233,5.344841371992114,5.14118766784668,5.156573210201378
5.283106173129398,6234,5.288445159860856,5.178763389587402,5.289412544812048
5.433318709866331,6235,5.4881032922465725,5.168182849884033,5.229512890499141
5.333835922612372,6236,5.348963412215616,5.205873489379883,5.295810003263277
5.360567198356916,6237,5.389211411959441,5.1630449295043945,5.273638815427622
5.102043701304201,6238,5.076497057494339,5.151975631713867,5.221648451750474
5.436774623840241,6239,5.453106021495526,5.304823875427246,5.3936573396768575
5.420366160031714,6240,5.446007031388767,5.255401611328125,5.33860298929219
5.363913265628446,6241,5.388183059866747,5.2292327880859375,5.279367815801912
5.16255531012528,6242,5.160350524964973,5.174372673034668,5.170375003607364
5.109922530371603,6243,5.107295487646805,5.110624313354492,5.123699457506458
5.299122523643157,6244,5.294543441780136,5.3577046394348145,5.304016881912286
5.139159851541749,6245,5.142152655912717,5.128199577331543,5.126851692703087
5.060271934554281,6246,5.056323922758309,5.102632999420166,5.06720756303798
5.3333130594374545,6247,5.355062845242331,5.20073938369751,5.261505387321663
5.439759195640393,6248,5.46872141885912,5.3224101066589355,5.324410248925045
5.464053300444861,6249,5.485580301648656,5.435555934906006,5.35874166973138
5.546100867890413,6250,5.545462867707067,5.477255344390869,5.572451963895247
5.425593819849253,6251,5.429776448198843,5.400296688079834,5.411718726698623
5.294165637726902,6252,5.309781842988603,5.256575107574463,5.223409306909123
5.357518600905463,6253,5.387376477105691,5.214407920837402,5.245980114790505
5.2708574718680685,6254,5.28112404251506,5.12175178527832,5.2658042444744995
5.264096894618495,6255,5.297532234592158,5.118436336517334,5.13432864052911
5.2979720819349305,6256,5.311068220904002,5.195888996124268,5.262153742439863
5.453659013985117,6257,5.435719188455801,5.500554084777832,5.533706274001275
5.495056676843477,6258,5.5048234541289505,5.470418453216553,5.45117997893302
5.643048373312967,6259,5.639163436905701,5.649478435516357,5.661624680083919
5.649632782670878,6260,5.6159976316705285,5.71971321105957,5.80565999266722
5.672205244612304,6261,5.659042590693272,5.679973602294922,5.7398164937436364
5.6064655260520215,6262,5.6482552235454495,5.45618200302124,5.433681527888041
5.310572282458341,6263,5.3147392650031415,5.324253082275391,5.283787989737761
5.86381408021427,6264,5.859088418985145,6.01058292388916,5.840094619141542
5.27429844748165,6265,5.2903644860880705,5.128545761108398,5.23719713703849
5.262170103638345,6266,5.231024308803735,5.272714614868164,5.424766212082756
5.610443944951102,6267,5.598401503824198,5.382289886474609,5.750721650453422
5.172258965440076,6268,5.188442688878078,5.097557544708252,5.110846128138713
5.459609649667658,6269,5.476327921668241,5.366278648376465,5.401555786622082
5.2713299629096575,6270,5.284973903525101,5.141538619995117,5.241825941389516
5.556262392126554,6271,5.573613653466956,5.502401828765869,5.481675733555345
5.229289123172605,6272,5.234410850946612,5.175015926361084,5.2200643073150745
5.349620652904578,6273,5.355941573772117,5.222439765930176,5.35830270393584
5.450610924993175,6274,5.460730495178946,5.362121105194092,5.4261363713928015
4.921772913339408,6275,4.9004817603325215,5.014188766479492,5.004520405259679
5.199252123533094,6277,5.200404035991702,5.106476783752441,5.224033584471448
5.294209841356412,6278,5.309387229013957,5.185186386108398,5.249604965335267
5.12579027582095,6279,5.145886823475985,5.077956676483154,5.0345531419671685
5.415300471895323,6280,5.430049453234588,5.287550926208496,5.37922230077223
5.175588426080912,6281,5.18970588328227,5.1284050941467285,5.116023098318402
5.3939754739231764,6282,5.379241278998857,5.286479473114014,5.508389807386168
5.413847343442329,6283,5.423597451815184,5.241384506225586,5.419334377859354
5.020196429822286,6284,4.99926257797943,5.1106977462768555,5.101676534165989
5.092901442370468,6285,5.1166191701626555,5.0094075202941895,4.994238241240653
4.887654997908289,6286,4.847072618355083,5.046869277954102,5.051022849370584
5.04591180534166,6287,5.0408273802995245,5.055939197540283,5.069686155624218
5.30033340283835,6288,5.326620972321111,5.185190200805664,5.198514020134998
5.261603343676283,6289,5.281614002618186,5.304088115692139,5.140718278383944
6.2005461000696505,6290,6.224469058905284,6.118823528289795,6.1001977243302665
5.158149710629493,6292,5.173832613088606,5.115445137023926,5.088742382312981
6.082362201949153,6293,6.095687628564861,5.906055927276611,6.070061938750027
5.927185717955588,6294,5.9387990514710305,5.990963935852051,5.843988453768212
5.175417598051601,6295,5.175284749618031,5.158745765686035,5.181683440222255
6.009706413835497,6296,5.980314275261136,5.99155330657959,6.172515402774769
5.220128793796894,6297,5.216633561453315,5.288000106811523,5.216146261957771
6.706843270073629,6298,6.750150752066508,6.433568477630615,6.5669615905228484
5.687202940080005,6299,5.722997928223982,5.595364570617676,5.52690912646624
6.272400608758612,6300,6.320086609201979,5.979093551635742,6.115844172892311
5.637064171958742,6301,5.654608298627046,5.528090476989746,5.579820021647688
5.383485045671183,6302,5.391956457076525,5.2763261795043945,5.374023687689001
5.2040191351754235,6303,5.227485555381879,5.137772083282471,5.1009472844417445
5.862060038747939,6304,5.814181094006868,5.976532936096191,6.079256659041606
5.141373192948241,6305,5.134111739583567,5.117123126983643,5.188184299548037
5.764142647277893,6306,5.734247248911343,5.864175319671631,5.8902404682953895
5.210161769123497,6307,5.1610666918899435,5.4495158195495605,5.392217378351134
4.927412823569238,6308,4.905660436771823,5.049245357513428,5.002814708507385
5.681901209974007,6309,5.700580445574665,5.558743476867676,5.623331197805945
6.079646218576156,6310,6.070892398893956,5.974618911743164,6.161342398895312
6.097581880380417,6311,6.092788510935032,6.083720684051514,6.1277668367259155
5.541757556988544,6312,5.571931081289261,5.280691623687744,5.4678539526090315
6.7108287081192755,6313,6.585020250808386,7.178333282470703,7.2259722492571115
6.103376513717015,6314,6.08129174819478,6.345346927642822,6.140505045720803
4.9005984416152,6315,4.891439909034851,4.997612476348877,4.917105917264286
5.3760571414929945,6316,5.364245259204004,5.380953311920166,5.437421710752358
5.800292346949379,6317,5.819400708314668,5.838191032409668,5.685748230917503
6.342301884660057,6318,6.385852722270763,6.1072516441345215,6.188380830911465
4.937134812666075,6319,4.889454103209105,5.247264862060547,5.088055167165564
6.298731836012217,6320,6.329372978562532,6.114070892333984,6.196866017233518
5.662767357122319,6321,5.682701009100063,5.7270917892456055,5.535012989727063
4.802647684935601,6322,4.794202742564654,4.904092311859131,4.813872521807693
5.229232192989233,6323,5.168864620258593,5.433067798614502,5.483247418747322
4.853177523701175,6324,4.847960048343854,4.948129177093506,4.849353448204802
5.959127834471056,6325,5.982545979115069,6.038756370544434,5.807688217678528
4.980025334537722,6326,4.927755398625639,5.186221122741699,5.190066436403935
5.262057816078072,6327,5.234829619866096,5.446712017059326,5.345723343005574
6.17443394417683,6328,6.145853357413773,6.337063789367676,6.272653752113089
5.0447909576898855,6329,5.028057518303021,5.0849504470825195,5.120649511025376
4.9951241225888925,6330,4.988039320060872,5.015622138977051,5.026076984469423
6.066999867479867,6331,5.985163969634655,6.246300220489502,6.443691165248014
5.073270961659931,6332,5.1001743909958535,4.9582343101501465,4.968131515968509
5.664319876862613,6333,5.7025904239819765,5.495723724365234,5.51640889051584
5.2957437584514295,6335,5.298917562719826,5.35669469833374,5.258499703183259
5.3801714716185725,6336,5.389166751621881,5.248048782348633,5.376237501621143
5.224828900863342,6337,5.21648669859873,5.214360237121582,5.27281016111876
5.740121879941231,6338,5.705197455295475,5.552786350250244,5.988830575142731
6.820912952278643,6339,6.837361476478927,6.4578938484191895,6.854193857830283
6.190360848570564,6340,6.226251636309051,6.104001998901367,6.027729597188363
5.778613563375261,6343,5.83467071131066,5.563273906707764,5.551421953539206
5.926184629795168,6344,5.967611941407498,5.691845893859863,5.783351840104743
6.008616881966428,6345,5.982015327927368,6.044537544250488,6.138518322483155
5.039903186721509,6346,5.039709616189393,5.05288028717041,5.036609743533874
5.534115127695438,6347,5.496401853264243,5.861569404602051,5.626101086220081
5.618365830294281,6348,5.597252640915352,5.807324409484863,5.667983234445517
5.270641608893624,6349,5.212639790152913,5.621056079864502,5.463179858256886
5.570939312529283,6350,5.600286963635341,5.399139404296875,5.471685102971349
4.889168017399108,6351,4.854845668769436,5.088945388793945,5.00562800681955
6.016668968300172,6352,5.990496989350059,6.195224285125732,6.096734337619394
6.953927612830884,6353,6.944711380562849,6.997456073760986,6.988571404353468
6.998022065591119,6354,6.945309222141711,6.480381488800049,7.451704089584981
5.140163799550656,6355,5.126741953668199,5.190021514892578,5.195127778879549
6.621828958495319,6356,6.683864497560657,6.199875831604004,6.431623712971095
5.472241112519336,6358,5.43694706331429,5.486741065979004,5.655642723793027
6.161296676422104,6359,6.175351434058207,6.122738361358643,6.099190621508084
6.5444450515486885,6360,6.501879945111921,6.496232032775879,6.787529919065954
6.169238452558513,6361,6.193676901872879,6.128064155578613,6.052624742402337
5.800401789247758,6362,5.833608454732135,5.700222492218018,5.656692553131702
5.067168588509404,6363,5.053381404212017,5.078287124633789,5.136994059387343
5.74674579375164,6364,5.748336960880079,5.849389553070068,5.704045022363586
5.297579357591716,6365,5.318973999076771,5.247466087341309,5.200179066157989
5.764003477837093,6366,5.7238090334912854,5.64743185043335,6.017230937606689
4.954035043768112,6368,4.928462514298601,5.064136981964111,5.053721221540169
5.891311932000251,6369,5.905826017492503,5.851377964019775,5.827214838438163
5.086968392266396,6370,5.033518691344433,5.30076265335083,5.300768710155387
5.649959871325595,6371,5.659986243810174,5.6305952072143555,5.60294081251468
5.078494550740522,6372,5.0801230935327775,5.061375617980957,5.075515339838106
5.480746278320395,6373,5.499832471899377,5.4328742027282715,5.394910485220575
5.0336667473559285,6374,5.034173986612172,5.166135787963867,4.986805044980454
6.3488037795643475,6375,6.380385260633545,6.236073017120361,6.217946015467331
5.703616599443453,6376,5.702560209550488,5.609200954437256,5.740722481068476
5.565948810209633,6377,5.54335918615975,5.319794654846191,5.7684780710542
5.292839868319543,6378,5.321958910542161,5.051181316375732,5.218091160446847
5.559216497159582,6379,5.573616182689959,5.509902000427246,5.498856260435491
6.120324214232419,6380,6.14439073524601,6.065975189208984,6.010085697694879
5.578657968735761,6381,5.551963630085821,5.703113555908203,5.679542539408193
7.486560902491525,6382,7.491962306745293,7.25895881652832,7.5336207751258275
5.563943366816662,6383,5.594715241466674,5.422541618347168,5.4469606579095196
5.423631590806794,6384,5.442929559811673,5.274188995361328,5.37052324819283
6.523499964941836,6385,6.5058931004703044,6.335597515106201,6.680037352332118
5.120737013563313,6386,5.0943208203997195,5.10865592956543,5.265650285892486
5.25507897059865,6388,5.250440720866772,5.330233573913574,5.254764768063685
5.807852875402623,6389,5.786083598935818,5.948507308959961,5.877070911776233
5.645318934252128,6390,5.639250306758781,5.657741546630859,5.673544116493497
5.594246546794981,6391,5.603536352443055,5.606100082397461,5.540749777874183
5.217135348106405,6392,5.245933973487936,5.064837455749512,5.114308683260297
5.848091692476936,6393,5.853309559885351,5.841958522796631,5.822307456192161
5.586510492695993,6394,5.5508626533236,5.770511150360107,5.715298789863809
6.215766407966563,6395,6.301383895285943,6.030320167541504,5.820955103195599
5.719128363545668,6396,5.763441334571246,5.569088935852051,5.532805620904031
5.853515852852388,6397,5.8338144962916365,5.941519737243652,5.929255126379305
6.626436381583671,6398,6.673691275143675,6.19377326965332,6.518631359643529
4.926477267536648,6399,4.910058652816582,5.017421722412109,4.983728354682084
5.457585933215454,6400,5.385446636535275,5.845801830291748,5.712923549817646
6.347147529985824,6401,6.444653930962448,5.721584796905518,6.035634183261306
6.247570935928704,6402,6.232469754952382,6.297854423522949,6.311349286061708
6.364285190248666,6403,6.428530993306161,6.225991725921631,6.067738688981272
6.147415482002676,6404,6.189304964396325,6.036025524139404,5.961134775981672
4.779732436635593,6405,4.699408028917562,5.1765923500061035,5.075842600271822
5.7527244476306905,6406,5.736291031831013,5.778652191162109,5.831726671245636
5.641444006113795,6407,5.63191926125418,5.721122741699219,5.6656831065730255
5.2545060003152,6408,5.2499511157860805,5.201891899108887,5.296336632329985
5.62248718647054,6409,5.60999100034996,5.6248250007629395,5.688354121806876
5.450423448510709,6410,5.506379619376615,5.182628631591797,5.24125547619885
5.990509050803341,6411,6.025884641778557,5.801023006439209,5.865001167584042
5.007233640850906,6413,5.008987939971341,5.024389743804932,4.992158717627004
5.208097197392665,6414,5.222038197183186,5.068295001983643,5.180345930312894
5.280126699812162,6415,5.293293807328202,5.169022560119629,5.246936799887696
5.7249760362347,6416,5.724852854765173,5.723693370819092,5.726060559210714
5.951977838018803,6417,6.004664896715112,5.789375305175781,5.725181035919492
4.9482752509656915,6418,4.959587708478159,4.899392127990723,4.90423651855752
5.330797622062115,6419,5.388573797964283,5.223701000213623,5.058356891200047
5.126357380313033,6420,5.146990776574574,5.00283670425415,5.057486198674199
5.509917314646314,6421,5.48246658275714,5.511687278747559,5.65573119028506
5.571791437006504,6422,5.520161265730187,5.831954002380371,5.760431535092005
6.344451400556685,6423,6.27266046317913,6.5141777992248535,6.67076089394449
6.253330438125702,6424,6.322041346158154,5.812934875488281,6.033670663622471
5.746642217613556,6425,5.795601545952108,5.444119453430176,5.586366681465973
5.244418284611506,6426,5.284114361747067,5.1340556144714355,5.069493429935207
5.0130056263995995,6427,4.989009137828559,5.1011552810668945,5.11160356134676
5.881054212821436,6428,5.9098206131083435,5.8047661781311035,5.753062676715173
5.299578146390721,6429,5.284110386540865,5.402497291564941,5.347766364655923
5.809213431539616,6430,5.830002172582922,5.5874152183532715,5.772272923440531
5.613440444032877,6431,5.581822869602585,5.616568565368652,5.7810246813398845
5.809661772631065,6432,5.80931255101544,5.8276777267456055,5.805518930139793
5.064542549165259,6433,5.028653050439345,5.226321220397949,5.20202698529257
5.986393274693487,6434,5.9643220514003765,6.098151206970215,6.066853821497831
6.08226985452039,6435,6.015760352065273,6.388656139373779,6.33485832012059
5.145014031786146,6436,5.120954029170596,5.260375499725342,5.234880143616488
4.995971213792273,6437,5.003430766140255,5.054763317108154,4.9365894873582095
5.04800662538741,6438,5.0555424263400655,5.014589786529541,5.018954553786346
5.007766766056892,6439,4.999726502427079,5.031764507293701,5.042648925003622
6.2207248894707945,6441,6.178639445272571,6.392604827880859,6.387887318794392
5.762170028465509,6442,5.7687972840834645,5.750345706939697,5.7307661454147825
5.670594795215383,6443,5.653943369635466,5.7686944007873535,5.7267025695207066
5.73264330134147,6444,5.768677302559561,5.64514684677124,5.5696274066319695
5.534903871986942,6445,5.549015827752991,5.553241729736328,5.453527409178694
4.957476728104849,6446,4.953602845843735,5.068256855010986,4.941210724528751
4.859812418399119,6447,4.843744780033586,4.958637237548828,4.912564843562291
5.533521965781507,6448,5.528619025590588,5.395873069763184,5.6055539057360795
5.270213503346827,6449,5.298667288152874,5.089120388031006,5.178824395889617
5.897327949031078,6450,5.963182664988533,5.700142860412598,5.61183112039438
5.362368179928101,6452,5.369665476941789,5.332764625549316,5.333316994772071
4.590885171844787,6453,4.533362548654676,4.956316947937012,4.77586190349464
7.2437729795870265,6454,7.377075071880945,6.530230522155762,6.770675933426787
6.3502329671722,6455,6.468837929636718,5.746606349945068,5.918881960297615
5.280880017462442,6456,5.295657688529632,5.145286560058594,5.247263471696087
6.018107206571193,6457,6.046848353612693,5.9130167961120605,5.899851225836234
5.013894064563431,6458,5.003103721933212,5.0709919929504395,5.052409876059162
4.980135639023494,6459,5.001412656415905,4.911664009094238,4.889482049837287
5.23646943824019,6460,5.206693874621758,5.2433953285217285,5.392963734638458
5.866102793732081,6461,5.858476627020777,5.816225051879883,5.923401477600476
5.62330394464819,6462,5.654495697546567,5.607749938964844,5.462132637487722
5.003076571757701,6463,4.9750068772852885,5.216511249542236,5.081636636876195
5.004455956320714,6464,4.96431198457848,5.193325042724609,5.155600697338473
4.931841706967121,6465,4.9535472088482635,4.893641471862793,4.828812441969137
4.823736660567565,6466,4.82569727222992,4.895790100097656,4.7892622121218755
5.233489770343677,6467,5.295498982972195,5.0274176597595215,4.971464712922734
5.573686327658848,6468,5.55879835942002,5.401621341705322,5.710443780514006
5.255558045805182,6469,5.220509024791322,5.410171985626221,5.390948058729464
4.827496280643351,6470,4.8215878575105355,4.930533409118652,4.824662141325047
5.846333529480006,6471,5.86128339951479,5.771478652954102,5.791552395593831
5.7808200674473,6472,5.812940322498071,5.670687675476074,5.646222877570021
6.317508444221836,6473,6.345919783374246,6.133628845214844,6.227274422271787
5.247956764127342,6474,5.254716355428366,5.303709983825684,5.19332116421934
5.647098835198875,6475,5.689966795230278,5.576710224151611,5.441932625116914
4.835813505973571,6476,4.824790959842169,4.948405742645264,4.8570696135125075
5.778440529862733,6477,5.846731338006218,5.484649181365967,5.512153216720444
5.804340492015653,6478,5.790487095784515,5.803689002990723,5.878442315714074
6.007957146449444,6479,5.968451112211294,6.211433410644531,6.15083057432121
6.991927881644875,6480,6.933671854629776,6.941184997558594,7.319540987087491
5.376076698423588,6481,5.38541765304993,5.36731481552124,5.32917890138388
5.86788315856167,6482,5.879006687704338,5.934499740600586,5.786352023245176
5.006113600778644,6483,4.90117201845009,5.377843856811523,5.44189191478354
6.249052230845026,6484,6.26109956763483,6.156601428985596,6.215616741655633
6.09526816325022,6485,6.1212065677037675,6.167621612548828,5.932812189731769
5.084480687680089,6486,5.0843075114214695,5.062595844268799,5.092699122987201
5.301420072974952,6487,5.363376523841459,5.053444862365723,5.05364399241713
5.6315849492322085,6488,5.599309719854528,5.743533134460449,5.766403364697562
5.747757912588614,6489,5.690931880456663,5.931502819061279,5.989581662592172
5.733493357427442,6490,5.7705372986577785,5.601006031036377,5.580088073259572
6.035437673858348,6491,6.043050001943485,5.979687213897705,6.013421958181868
5.795419475338646,6492,5.81067662352216,5.791475772857666,5.715362585853556
5.630551877859989,6493,5.629379488119181,5.757682800292969,5.594427609263545
6.708259691931455,6494,6.677143943029467,6.584575176239014,6.915438524639538
5.874732489758738,6495,5.8822673518189506,5.9855217933654785,5.797616830638456
5.89043513908182,6496,5.865439482540615,6.014700889587402,5.982323310993524
5.3559659132331525,6497,5.321219459839063,5.755267143249512,5.408179921329511
5.902719457604322,6498,5.9088453459866646,5.881242752075195,5.877206954741533
4.828115424309278,6499,4.812927661061497,4.956169128417969,4.8664322602612105
5.179893666120571,6500,5.215034669955568,5.086956977844238,5.023453795619838
5.206268743583444,6501,5.1434445687584756,5.439435958862305,5.463608643960084
6.591251621076394,6502,6.6639205935731605,6.204847812652588,6.332485076971338
6.4670686156314146,6503,6.51110373151922,6.457083225250244,6.235543127690177
5.392457564699686,6504,5.385995035308146,5.371016979217529,5.4340712896850505
5.6003912862150464,6505,5.610982657434735,5.566432952880859,5.555223377751674
5.92684001555828,6506,5.9357722599871625,6.018590450286865,5.848617940097805
5.649894103132784,6507,5.700598250163782,5.477952003479004,5.436785899642757
5.154432169215429,6508,5.114925024807347,5.2589802742004395,5.330287531327098
4.902646197992274,6509,4.85612872890824,5.154748439788818,5.066705246105177
4.982490604747276,6510,4.949855418799114,5.135505676269531,5.105539866226955
5.234171090500167,6511,5.209574230053996,5.1236090660095215,5.402208274903772
4.924852094527901,6512,4.892169281045637,5.150020122528076,5.024104423766578
5.032652837991743,6513,5.015258590292891,5.113455295562744,5.098487887319328
4.714704327377603,6514,4.672235031282418,5.006042957305908,4.8440942440331956
5.072018303277697,6516,5.060136396002059,5.134409427642822,5.114591354486538
5.538522066018448,6517,5.56028472658606,5.442183017730713,5.454567559087097
5.182201369076518,6518,5.210519175679215,5.11314582824707,5.054191620541712
5.274385509120465,6519,5.303113879477498,5.079994201660156,5.185964636369727
5.257510215844389,6520,5.303757399697688,5.037185192108154,5.084300123996251
6.038194162452437,6521,6.072080353855062,5.778918743133545,5.9438929083416365
5.9760055186301395,6522,5.9803016088276335,5.808696746826172,6.008862628178161
5.906651408568636,6523,5.948920808873561,5.69648551940918,5.751269863592426
5.414708265906927,6524,5.514291385865082,5.085268974304199,4.993411310524813
5.020465874641196,6525,5.0066681261093455,5.086372375488281,5.072084993458936
5.551832318487708,6526,5.572264983506554,5.3566999435424805,5.507902269772035
5.416876541535584,6527,5.420313124815711,5.444153785705566,5.389455563442287
5.9678880867173625,6528,5.948623871022204,6.113475799560547,6.022101213601188
5.5129706510689065,6529,5.496986954819296,5.558967113494873,5.582884916661272
6.011993768289872,6530,5.988698991527865,5.981696128845215,6.1463317510990345
5.5185957523398805,6531,5.581413001199861,5.192513942718506,5.292264321890682
6.393908242464794,6533,6.407738959245655,6.122521877288818,6.4106065810952915
5.560723046293783,6534,5.563747837838074,5.529879093170166,5.5548720629592445
5.006533134381813,6535,4.9918652606832365,5.047987937927246,5.070943407049784
5.624413671991575,6536,5.632639527681181,5.566993713378906,5.599682348378369
6.088116557384826,6537,6.04607244735906,6.080842971801758,6.31477625991041
5.697921418152328,6538,5.689540848225853,5.88544225692749,5.680110765362274
5.05058802512158,6539,5.063003648214254,5.0156402587890625,4.996020624071492
6.213248254236113,6540,6.229010494094386,6.1673264503479,6.1444902032182975
5.478369621428311,6541,5.531682812424847,5.211405277252197,5.28302075724192
5.951210936380696,6542,5.9924677321268405,5.960409641265869,5.728108457439538
5.241218817464156,6543,5.211517681454065,5.381115436553955,5.352992590348514
5.312071142489225,6544,5.352579548156854,5.077402114868164,5.174249361205321
5.201987491247391,6545,5.210333275834212,5.112799644470215,5.187205803167446
5.8085690608166285,6546,5.839725839224084,5.7429986000061035,5.664256356510613
4.923851731198535,6547,4.903716440938027,4.974406719207764,5.014388303119715
6.8951589642580045,6548,6.9138132727581,6.812252998352051,6.823304640892813
5.854532230898526,6549,5.827133134736955,6.03154993057251,5.941654764396054
5.182231161555899,6550,5.191872234843164,5.1352739334106445,5.1464645134055775
5.962945919397523,6551,5.963071314711493,6.077114582061768,5.924220804292313
5.641754946217416,6552,5.684737064136003,5.517762660980225,5.453847666257821
5.7214739260421,6553,5.76800416011801,5.558330059051514,5.52769384742482
6.0544045290580275,6554,6.080837852838365,5.861205577850342,5.977826492368549
6.167003809863883,6555,6.245310748506897,5.907625198364258,5.835826221725054
5.53162831280374,6556,5.566015865640917,5.515534400939941,5.353592708029824
5.744664346254675,6557,5.748259514309487,5.648261547088623,5.757624263808401
5.660876131162562,6558,5.610017833319234,5.749088764190674,5.9027160561083125
6.538854952555236,6559,6.525919271423813,6.325361728668213,6.679009659885168
5.848359344267265,6560,5.902869426582188,5.666333198547363,5.618314207688115
5.17624279400309,6561,5.128429550986465,5.450894832611084,5.339696077222424
4.947395917731554,6562,4.903508752834103,5.111186981201172,5.126863736291659
5.506753425923537,6563,5.564276286234702,5.266197204589844,5.280150204972121
4.646530612604243,6564,4.608859900545464,4.9485015869140625,4.746784085481125
5.917680539235599,6565,5.9388961936554425,5.767808437347412,5.854487709889395
5.264108746764686,6566,5.308181781374588,5.087046146392822,5.088073468705589
5.123335208993021,6567,5.113362345477401,5.165212631225586,5.1625646339290405
5.893284113116387,6568,5.9895920478400155,5.59507942199707,5.479043278823949
5.6769290465489295,6569,5.731104927553446,5.235195636749268,5.535235444721628
5.336153479839719,6570,5.343844084610105,5.222692012786865,5.332957449818374
5.44095041320214,6571,5.444842959546728,5.472266674041748,5.4097514124177986
5.621251104108945,6572,5.709079775933561,5.22648811340332,5.284419184612863
5.250746786109628,6573,5.211556877869096,5.292708396911621,5.445772466194896
5.515941085062264,6574,5.428980679938443,5.85701847076416,5.866037331279384
5.913129675278029,6575,5.965111008507706,5.633885383605957,5.728977368346869
5.098936333119575,6576,5.083930392410338,5.156859874725342,5.159660209436682
5.790894907620616,6577,5.7888149889237,5.788575649261475,5.802760774247926
6.081811864612256,6578,6.14263379530341,5.859767913818359,5.831442924260494
5.570799997909594,6579,5.603041751898193,5.426219940185547,5.44703721000246
5.334030294294351,6580,5.3990212527525685,5.01528263092041,5.093661070308508
5.506410241080674,6581,5.498215048365317,5.697775840759277,5.486329322863521
8.295857407397452,6582,8.559402364487848,6.980568885803223,7.328713849849839
6.7742351959523495,6583,6.769427391972034,6.48976469039917,6.894700199822471
5.0796456416823155,6584,5.044808128479852,5.331659317016602,5.1814411536506855
5.911179590723961,6585,5.920156008883985,5.82197380065918,5.89304066362853
4.9079580867693755,6586,4.817510100795499,5.18262243270874,5.298792483844071
6.351835099220802,6587,6.354991338686905,6.334218502044678,6.340874060863385
5.506887673935816,6589,5.55964732276778,5.235561370849609,5.31594486198479
6.21102521873011,6590,6.174551550092006,6.405555248260498,6.340707989080574
5.52997988491229,6591,5.548606457976398,5.37347412109375,5.482806670370368
5.174662713865359,6592,5.080551690175426,5.710238933563232,5.498062806715472
6.018063140695549,6594,5.979291111209693,5.992448329925537,6.233385568210115
5.237998870597798,6595,5.219430088956902,5.289944648742676,5.319716994091656
5.580112620429052,6596,5.58010632606937,5.560298919677734,5.5867506777915965
5.189378124560944,6597,5.142026571507162,5.457204341888428,5.352644255599092
5.102791485059174,6598,5.117416451108062,5.033702373504639,5.047821409719713
5.109968516455715,6599,5.108293325000168,5.144428253173828,5.107416172769972
5.4965739638599205,6601,5.509467419769271,5.441622734069824,5.446125942273421
5.851263579994598,6602,5.849328511299488,5.836503982543945,5.866503772448965
6.396824641952306,6603,6.448990395129087,6.253067970275879,6.16652622197138
6.394302489556786,6604,6.365222599942366,6.290764331817627,6.583907993149843
5.431074403899688,6605,5.457926362691946,5.31248664855957,5.32739312931482
4.890945725149322,6606,4.8418351040942476,5.04287052154541,5.102227398907926
6.8330811691939415,6607,6.855234196519954,6.41817569732666,6.85323351407763
6.401275032306625,6608,6.405790894914213,6.07423734664917,6.486203033355071
7.3938627857019785,6609,7.505839787231833,6.398940563201904,7.128292811973012
5.332955760685712,6610,5.339600476324802,5.146108627319336,5.359799575593162
5.756168388273075,6611,5.817698486293624,5.439226150512695,5.533655317820034
5.35123564077647,6612,5.349142285172081,5.365261554718018,5.357724939089122
5.423253437227338,6613,5.446040220899899,5.2745041847229,5.351306929002297
5.112188717683578,6614,5.090321372044295,5.324838161468506,5.157931413164779
4.976274611324338,6615,4.92380462273545,5.262427806854248,5.160730112218672
5.708601848151408,6616,5.735335382982334,5.646496772766113,5.58672460804204
5.290680970319887,6617,5.292235748776163,5.2740068435668945,5.287946900540506
5.785397054585043,6618,5.825428447697338,5.568885803222656,5.644066708440263
5.836896842702978,6619,5.862360118084551,5.737640857696533,5.734178035670071
5.477653911082851,6620,5.468901506532067,5.331977844238281,5.572891971759265
6.101838748907255,6621,6.018051422303929,6.238051891326904,6.503299990775819
6.168288347526153,6622,6.1020652751662965,6.506980895996094,6.40858043141278
5.48549855797541,6623,5.488178690687381,5.4725260734558105,5.47552871808786
5.767105828599659,6624,5.753835002580236,5.590479850769043,5.896758853577023
5.5971412426350895,6625,5.59986032726759,5.647582530975342,5.565825734884764
5.434494232894137,6626,5.423954335460607,5.449934959411621,5.485560030894278
5.336726381048442,6627,5.388904104674828,5.1182074546813965,5.1312848702331575
5.178890204329974,6629,5.208806121801282,5.11457633972168,5.040776639088859
5.705561720531815,6630,5.766336558694111,5.407814025878906,5.480678362674582
5.294689923230218,6631,5.279179380960919,5.367166042327881,5.353253989757964
5.321210479761977,6632,5.330044782158974,5.353102207183838,5.263463664240461
5.270877921177171,6633,5.322397455610778,5.058557987213135,5.066880382185947
5.377924832364544,6634,5.351066858186965,5.3173651695251465,5.541353796382134
6.39838536083347,6635,6.309167934259698,6.747501850128174,6.757839393322492
5.154854704476388,6636,5.193439746451055,4.987451076507568,5.004869003399553
5.936436127881546,6637,5.927662466301426,6.03148889541626,5.951544773533714
5.678927183066165,6638,5.693873207201124,5.6531500816345215,5.607807421490258
5.584312079924016,6639,5.664766416995583,5.227057456970215,5.274307196263347
5.450831831334651,6640,5.448606307929206,5.4638471603393555,5.4583627272861595
5.27738306416581,6641,5.30500950892819,5.120283603668213,5.18240839305636
4.920661013772882,6642,4.907979547074958,4.976818561553955,4.969576320234786
5.297235786185635,6643,5.320725544578942,5.272706031799316,5.180133619813673
5.524606213094039,6644,5.4867973990657894,5.675645351409912,5.6759068020696475
5.999279682511404,6645,6.046784587609548,5.862910270690918,5.7913766989978965
6.0010942232507265,6646,6.04009069297493,5.87594747543335,5.834828633994095
5.810619578123069,6647,5.799006110262929,5.822018623352051,5.86875827242487
5.288929417738472,6648,5.341205993007206,5.107017993927002,5.070758038366419
5.781278736042423,6649,5.81222351341836,5.622876167297363,5.669040739882683
5.2393530195819356,6650,5.225613021261054,5.220854759216309,5.318799057678751
5.633489621554852,6651,5.613367430167317,5.705333232879639,5.716860065443679
5.555171708255127,6652,5.569487718453478,5.526195049285889,5.488478500450572
4.961762744141363,6653,4.935340202429074,5.235119819641113,5.011563861967464
5.9988359800137125,6654,6.0032512100059865,5.943985462188721,5.99357155292682
6.17028582711497,6655,6.190244098521348,6.097498893737793,6.088103944600482
5.569202884882908,6656,5.579940385383425,5.5447211265563965,5.5200966824463675
5.580166645859663,6657,5.575667011188374,5.5570573806762695,5.611867825570763
5.158178816924119,6658,5.141318597776645,5.411739826202393,5.163579609548128
5.171936501512814,6659,5.174760771865235,5.223577976226807,5.139659821922377
6.2189928298318415,6660,6.214364184268272,6.073701858520508,6.2921092235382226
5.674705536392097,6661,5.699248051857152,5.6133294105529785,5.5642708291915115
6.188689389364665,6662,6.186322292070646,6.120088577270508,6.224180805894384
5.07482307718023,6663,5.078347626501481,5.066959857940674,5.058646553880069
5.494840334520858,6664,5.536410026937835,5.331532001495361,5.327571300096184
5.555648826274238,6665,5.585669267381592,5.588619709014893,5.384549512788131
5.416632819889404,6666,5.386575689538975,5.699657917022705,5.482595855783688
5.508557894373651,6667,5.534759491951515,5.436887741088867,5.392706091719969
5.746773220067557,6668,5.725020475009316,5.58036470413208,5.918257246480712
6.634508867297288,6669,6.6522476355749705,6.489054203033447,6.5883868720283045
5.364302146672781,6670,5.368664019337917,5.357847213745117,5.343190470101276
4.9892318832239315,6671,4.98764379191783,4.9918060302734375,4.996843614770203
5.347882896681449,6672,5.322741797521479,5.551590442657471,5.41406628327905
5.399441888162954,6673,5.402432075349228,5.489539623260498,5.353461684540074
5.542107592740156,6674,5.585176612163132,5.340339183807373,5.379662172919253
5.945379006748534,6675,5.993998114793344,5.66499662399292,5.779537931164514
5.392098145654847,6677,5.405954382328064,5.337087631225586,5.336535094610539
5.868468726149494,6678,5.873823369150119,6.025514602661133,5.78756200464228
7.0116663974466045,6679,7.055250667528911,6.839023113250732,6.8367646786698275
5.602200030769513,6680,5.609988073520796,5.595198631286621,5.56299752311744
5.90531655447709,6681,5.939755621413304,6.053964614868164,5.67209221709002
5.7055969249881855,6682,5.715138678214974,5.6266655921936035,5.681017899500889
5.394308245580057,6683,5.416107191228081,5.398138523101807,5.2767703634771514
5.203715227775227,6685,5.215209487271284,5.21129035949707,5.13988734734635
5.021587739408593,6686,5.004548542167969,5.201090335845947,5.052629179739946
6.359613763436408,6687,6.355252977669481,6.330968379974365,6.39241962947141
5.121743804748626,6688,5.1371756808076015,5.167970180511475,5.024031713582905
6.126385369375549,6689,6.120901010004565,6.112809181213379,6.160160682074848
5.996333168939052,6690,6.012626093570315,5.935092449188232,5.929851104419488
4.996271123395713,6691,4.9909750944894995,4.951865196228027,5.039318527013434
5.4804219273687265,6692,5.474788928825065,5.482753276824951,5.5096873903099866
5.874215480916391,6693,5.892988425837014,5.880260944366455,5.772077913786612
8.560578217847137,6694,8.697100517948591,7.407353401184082,8.216867516457304
5.648974571744598,6695,5.674631392461395,5.57444429397583,5.536981541038416
6.874993468247627,6696,6.863980984608338,6.487557888031006,7.062871907729377
6.365420575533308,6697,6.309276604517508,6.5329976081848145,6.60899611647017
5.997113637945811,6698,6.025511079372688,5.826847553253174,5.902415978566682
5.81024736875833,6699,5.8462161129687935,5.762752532958984,5.63424555902635
5.6768078860348306,6700,5.6560869133016825,5.762817859649658,5.758649749406679
5.686977385463031,6701,5.712818361034141,5.643026828765869,5.563809034649501
4.9443363773698215,6702,4.9437001066441155,5.01987361907959,4.922550621461039
6.182702103466073,6704,6.257056758781072,5.89103364944458,5.883366640583952
8.913359732217804,6705,8.908525642782168,8.05267333984375,9.226037006665887
5.235422686832328,6706,5.226191483488653,5.358006477355957,5.243794547560485
6.77724642480187,6707,6.706666462665023,7.038257598876953,7.066669125103594
5.546691510291548,6708,5.599945780402748,5.253442764282227,5.360418199158968
5.022081302848084,6709,4.999163718281149,5.242966651916504,5.070679851639643
5.367137465073785,6711,5.337889903034616,5.5059614181518555,5.4768496923807115
5.388306539673174,6713,5.460480194514035,4.9843549728393555,5.138030902799857
5.817132530169335,6714,5.8327756926399115,5.646687030792236,5.7905174570488605
4.985398790125183,6715,4.957418999207058,5.128971099853516,5.0867668256395415
4.9815466107478805,6716,4.905942282471842,5.357321262359619,5.259511398209975
4.970693718987751,6717,4.919704907161542,5.187847137451172,5.170249615642824
4.856589398652084,6718,4.800293511806364,5.110434055328369,5.072219163464303
5.706477289831688,6719,5.671614601577018,5.812005996704102,5.857235391565788
8.155362237038812,6720,8.448577615710871,6.675152778625488,7.084950036925601
6.233095856862993,6721,6.1376411467305845,6.624756813049316,6.611633912700866
7.03952267622364,6722,7.05372485155724,6.659444332122803,7.090470443005186
6.018220837992228,6723,6.011750174850845,6.061286449432373,6.038375877335986
5.526436829048974,6724,5.5409148084012125,5.5361008644104,5.445999594049893
5.2733414841992055,6725,5.285334483611034,5.343163967132568,5.186104580218806
5.930157968633088,6726,5.9510339161836585,6.114654541015625,5.757320724235861
6.087455862651772,6727,6.056329560668346,6.1554789543151855,6.230788442675569
7.362610773802443,6728,7.4130629398890076,7.392375946044922,7.083610790856838
5.944800916441709,6729,5.897330109617761,6.325159072875977,6.07119250069134
6.02650163498977,6730,6.093857882367463,5.677509307861328,5.783599091351547
5.493363595162647,6731,5.5197385217302575,5.285635471343994,5.421939988338509
5.477766686266008,6732,5.487704631367491,5.390900135040283,5.45371974999382
5.387651470865652,6733,5.420404649408675,5.285686016082764,5.246956257424296
5.217495115613919,6734,5.2371426517139135,5.1149067878723145,5.146904286188284
4.782420854524148,6735,4.75556251417187,4.907149791717529,4.884088964400527
5.092909601358207,6736,5.046334760569543,5.232764720916748,5.294690259835616
6.721684423576182,6737,6.591096008169539,7.000036239624023,7.325372033728998
5.457095673544473,6738,5.5048405062649035,5.274930953979492,5.2631780594176405
6.00970408214443,6739,6.017772992374814,6.019332408905029,5.963460451995512
6.817688186124356,6740,6.765357761770429,6.701725006103516,7.135438136282483
6.091201085918024,6741,6.019817791900146,6.273086071014404,6.411283658981242
6.992886625540483,6742,7.085787700485707,6.72030782699585,6.588273745874638
5.592188991705976,6743,5.5829412740256075,5.595158100128174,5.640520370387684
5.727082976039147,6744,5.7105494213602,5.689326286315918,5.827847418095074
5.882565022269438,6745,5.904098802119207,5.75886869430542,5.808950186516052
5.520376096882075,6746,5.470487973557031,5.654106140136719,5.741869406864099
5.386059371925168,6747,5.366792158578674,5.500310897827148,5.4507338819298585
4.870974427441064,6748,4.883762752480766,4.923008918762207,4.78542517692073
6.148785303168325,6749,6.167459868621154,6.03726053237915,6.086362425140339
5.02916645181741,6750,5.032436704205409,5.023518085479736,5.013607854790872
5.830398052288693,6751,5.8248689161914,5.836550712585449,5.857835931111764
5.843266158174842,6752,5.812917351123664,5.798938751220703,6.019902225029409
6.784723559895209,6753,6.7297986627944155,6.765604496002197,7.08402932599401
5.767778394584977,6754,5.786017516297133,5.701180458068848,5.6927023114859905
5.318021039592323,6755,5.274442633920383,5.374722480773926,5.5315387227821375
6.0323394227927825,6756,6.05987811602753,5.919559955596924,5.923059468466555
6.027443984434535,6757,6.030024851302596,5.982734203338623,6.028582502294222
6.0206481345037925,6758,6.033870611904435,5.899055004119873,5.990659298495005
5.799076265752093,6759,5.83752494881541,5.7192769050598145,5.620616290435872
5.287338717214965,6760,5.297505755748374,5.150902271270752,5.27859332701819
5.453570361796917,6761,5.486691422778246,5.188055992126465,5.36542941364712
6.410266753890475,6762,6.42089020307477,6.378540992736816,6.364183611958791
6.466182322755937,6763,6.393274804397292,6.726633071899414,6.768205424814698
5.393160140873421,6764,5.41804169116917,5.287188529968262,5.295782290388529
6.29785182108661,6765,6.263107102319118,6.654573917388916,6.36424950320317
7.102052545108872,6766,7.086706331978371,6.893167972564697,7.2535271662498335
4.8930074538168356,6767,4.85751392832295,5.050918102264404,5.029669254425749
5.441523251161694,6768,5.425017554573968,5.5332560539245605,5.498976071778379
