Predict,Id,stack,xgb,lgb,Predict,Predict
6.034494006,1,6.080245102,5.9397192,5.8220798,6.116258144,6.034494006
6.0894831,2,6.129708581,6.02359724,5.896909197,5.610913754,6.0894831
5.281337348,3,5.267169775,5.526161671,5.275289591,4.860098362,5.281337348
6.131085145,4,6.125805075,6.233041763,6.125259941,6.267537594,6.131085145
5.236955531,5,5.217262873,5.129042149,5.377954128,5.133404732,5.236955531
5.311013148,6,5.264028826,5.369184971,5.542205507,5.116341591,5.311013148
5.177191221,7,5.110646347,5.429681778,5.447933578,5.538199902,5.177191221
5.432399085,8,5.403359704,5.60152626,5.530899976,5.300045967,5.432399085
5.655750636,9,5.62588792,6.026844025,5.691320539,6.432644367,5.655750636
5.943286988,10,5.922651548,5.704319477,6.132998505,5.69616127,5.943286988
4.798672737,11,4.781543132,4.920960903,4.849267887,4.602026463,4.798672737
5.660642927,12,5.710581024,5.435445309,5.469372279,5.216877937,5.660642927
5.953570417,13,5.979590853,5.841580868,5.852124486,5.155831814,5.953570417
5.821897997,14,5.827054047,5.988919258,5.73872535,5.72464323,5.821897997
6.370859293,15,6.347115378,6.576821804,6.428839337,6.208302498,6.370859293
4.965830254,16,4.931968355,5.161445618,5.081221888,5.032455444,4.965830254
5.472348654,17,5.450586917,5.509325981,5.576085518,5.286542892,5.472348654
5.858308815,18,5.819567246,5.92125082,6.043949729,5.294238567,5.858308815
5.048168085,19,5.031551365,5.082774639,5.125255032,4.811453819,5.048168085
5.67125368,20,5.536827014,7.011418343,5.941474346,8.425228119,8.425228119
5.061766284,21,5.104127662,4.840667248,4.909538618,5.199130535,5.061766284
5.462649278,22,5.458716538,5.617078304,5.432147471,5.216484547,5.462649278
6.399247535,23,6.391205855,6.405034065,6.440207647,6.483018398,6.399247535
6.05551847,24,6.036424284,6.350246429,6.059111395,6.750109673,6.05551847
5.577962389,25,5.531167948,5.926654816,5.711301893,6.136544228,5.577962389
5.369508491,26,5.381107977,5.366443157,5.308666266,5.157490253,5.369508491
5.198511239,27,5.222103531,5.157438278,5.086376587,5.022394657,5.198511239
5.309786546,28,5.34223985,5.364364147,5.118509646,6.886304855,5.309786546
5.670225422,29,5.684708842,5.9053092,5.514619218,5.606368065,5.670225422
5.508202545,30,5.489592347,5.795613289,5.511653273,5.759680271,5.508202545
5.250388373,31,5.23181531,5.438606262,5.286705457,4.897408009,5.250388373
5.899579451,32,5.911170969,6.595825672,5.605675988,6.836568832,5.899579451
5.207313074,33,5.197128878,5.049084663,5.314371472,5.183137417,5.207313074
7.653733705,34,7.552391735,7.832681656,8.134574933,8.454251289,8.454251289
5.742765459,35,5.747573159,5.791165829,5.700990936,5.82497406,5.742765459
5.137276204,36,5.136677866,5.212590218,5.115362709,5.156020641,5.137276204
5.465955243,37,5.430557026,5.803033829,5.542386245,5.424895763,5.465955243
5.161047844,38,5.159886304,5.535953522,5.042274126,5.624363422,5.161047844
5.621621756,39,5.566408399,5.488302708,5.960532672,5.306432247,5.621621756
5.557649025,40,5.512517852,6.299582481,5.551037381,5.791038513,5.557649025
5.867421238,41,5.844067819,6.311313152,5.844008717,7.404133797,5.867421238
5.619802666,42,5.593644127,5.697451591,5.733431814,5.483015537,5.619802666
5.293423437,43,5.29485372,5.348455429,5.267451307,5.167072773,5.293423437
5.440836955,44,5.466497018,5.387805939,5.321660173,5.371654987,5.440836955
5.849417035,45,5.828575983,5.960338593,5.92359542,5.689571857,5.849417035
6.331722735,46,6.399446913,6.040369511,6.067644741,5.676037788,6.331722735
5.542584932,47,5.541612818,5.141797543,5.681365299,5.570632458,5.542584932
5.241188064,48,5.106927648,5.310834408,5.934028089,5.152640343,5.241188064
4.858446829,49,4.811610816,4.868290424,5.104957697,4.604990959,4.858446829
5.509921064,50,5.499490107,5.649344921,5.519078218,5.55727911,5.509921064
4.942399683,51,4.905263137,5.215296745,5.049495577,4.96581316,4.942399683
4.961642445,52,4.951693226,5.181112289,4.941548333,5.046586514,4.961642445
4.789013823,53,4.743356358,4.921256542,4.988439378,4.933073521,4.789013823
4.936639786,54,4.942251065,4.768630505,4.962716042,4.621973515,4.936639786
4.701196939,55,4.667068816,4.830207348,4.840210065,4.688123703,4.701196939
4.772438599,56,4.744050013,4.937763214,4.868736187,4.762135029,4.772438599
5.109896122,57,5.143287043,5.055706501,4.949874416,4.671951771,5.109896122
4.950225662,58,4.906963938,5.299890995,5.064399667,4.769052505,4.950225662
4.826584714,59,4.793527525,4.995764256,4.946496564,4.88569212,4.826584714
5.227830244,60,5.200601221,5.345542908,5.33381411,5.002082825,5.227830244
5.054327043,61,5.051885631,5.213781834,5.014196187,5.275454044,5.054327043
5.26703833,62,5.238157113,5.315032959,5.405073195,5.375368118,5.26703833
6.282317153,63,6.328521947,6.769451141,5.873513467,6.524060726,6.282317153
5.066835912,64,5.004999788,5.132173061,5.374849443,4.861163616,5.066835912
5.066595458,65,5.05405795,5.309559822,5.052474082,4.963272095,5.066595458
5.039391896,66,5.0015519,5.287969589,5.158345936,5.02326107,5.039391896
4.957076077,67,4.951889103,4.947605133,4.987896919,5.094074249,4.957076077
4.791893531,68,4.764130667,4.98586607,4.875304566,4.820881367,4.791893531
5.877873223,69,5.754020786,6.020042896,6.491029663,5.120646954,5.877873223
5.799109352,70,5.786376602,6.002533436,5.799209327,5.422755241,5.799109352
6.31948331,71,6.267307956,6.30916357,6.601191778,6.734721184,6.31948331
5.97454995,72,5.914574966,5.732259274,6.375180133,5.959149837,5.97454995
6.18311667,73,6.170173626,6.1370368,6.267506229,5.554200649,6.18311667
5.316389277,74,5.291342935,5.175611496,5.496895738,5.150024891,5.316389277
5.965629629,75,5.957987096,6.06908083,5.971906068,5.835524082,5.965629629
5.341446264,76,5.34621804,5.358548164,5.310296158,4.880992413,5.341446264
5.661420907,77,5.642844893,5.573347569,5.789850681,5.22477293,5.661420907
5.521637653,78,5.505527827,5.720923901,5.541127892,5.633966446,5.521637653
6.347972616,79,6.323877692,7.220039368,6.185789961,8.329917908,8.329917908
6.067224082,80,6.051696821,6.146008968,6.123774515,6.536483288,6.067224082
6.408295486,81,6.378693459,6.487766743,6.539682426,7.029378414,6.408295486
5.402350897,82,5.370356429,5.575978279,5.515112308,5.310586452,5.402350897
5.348400064,83,5.298274096,5.685520649,5.50336499,5.335251331,5.348400064
5.436125806,84,5.408187039,5.88068676,5.436945619,5.917283535,5.436125806
5.927551954,85,5.989531169,5.640265942,5.692758145,5.548918247,5.927551954
5.867446564,86,5.887268616,5.568225861,5.861469144,5.262138367,5.867446564
5.989094003,87,6.031199216,5.875888348,5.802268045,5.753080368,5.989094003
5.522107165,88,5.466216196,5.92713213,5.685183933,5.610146046,5.522107165
5.681096996,89,5.681280159,5.414253712,5.769067764,5.461750507,5.681096996
5.679362465,90,5.682728309,5.574937344,5.69621963,4.910344124,5.679362465
6.214427037,91,6.295152081,6.794617176,5.590496756,6.844631672,6.214427037
6.235513272,92,6.229056773,6.494823933,6.183510931,6.367117882,6.235513272
6.277280532,93,6.248674373,6.261342049,6.435159504,5.734788895,6.277280532
5.69515866,94,5.718472383,5.782812119,5.541600947,5.752180099,5.69515866
5.717135161,95,5.737184353,5.74054718,5.60240213,6.362858295,5.717135161
5.750846315,96,5.723316955,5.772717953,5.890378941,5.762954712,5.750846315
5.581478492,97,5.5715847,5.510584354,5.657876643,5.313303471,5.581478492
5.882315697,98,5.87102659,6.521945953,5.729314105,6.192579746,5.882315697
6.08771513,99,6.085814715,6.051359177,6.109969325,5.746441841,6.08771513
5.62846214,100,5.67736338,5.100161076,5.543755765,4.517002583,5.62846214
5.862799614,101,5.695778018,6.171230793,6.650771109,5.892411232,5.862799614
5.565772114,102,5.591002769,5.625086308,5.411437182,5.388549328,5.565772114
6.504652254,103,6.555483697,6.511761189,6.231181455,5.872319698,6.504652254
6.030243194,104,6.000829644,6.07115078,6.17347956,5.855294704,6.030243194
6.247067992,105,6.241047046,6.18567276,6.299644743,6.310779572,6.247067992
5.53727377,106,5.586332444,5.008890152,5.451755417,5.128831387,5.53727377
5.494126176,107,5.48414812,5.389710903,5.582147447,5.45533514,5.494126176
5.368166443,108,5.450839262,5.006080151,5.047940131,4.863837242,5.368166443
5.632777495,109,5.649294617,5.516304493,5.58351055,5.662927628,5.632777495
6.500667467,110,6.63460298,6.114088535,5.915204256,5.669154167,6.500667467
6.16221768,111,6.203472361,5.820064545,6.056243756,5.99608326,6.16221768
5.831267494,112,5.863824706,6.120152473,5.561334041,6.934660435,5.831267494
5.969181467,113,5.955352218,6.153696537,5.981432354,6.008294106,5.969181467
5.898785001,114,5.853283796,6.171068192,6.050696914,6.038388252,5.898785001
6.405304056,115,6.461558497,6.295152187,6.141997623,6.011936188,6.405304056
5.172841712,116,5.148024668,5.339360714,5.249692905,5.13579464,5.172841712
5.507094965,117,5.476229351,5.867671967,5.551519239,5.435910702,5.507094965
5.870352921,118,5.885512453,5.614761353,5.874699158,5.848424435,5.870352921
5.603631945,119,5.66288031,5.58053112,5.295340858,5.591985226,5.603631945
5.12263929,120,5.151215791,4.957792759,5.025180131,4.776537418,5.12263929
6.112835713,121,6.08916334,5.293233871,6.512288944,6.298156738,6.112835713
5.198988611,122,5.233219729,5.092512131,5.05191473,5.234061718,5.198988611
5.271115566,123,5.236196266,5.259721756,5.461149733,5.500938892,5.271115566
5.969265692,124,6.000920724,5.866557598,5.834674763,5.677766323,5.969265692
5.248508211,125,5.194253431,5.55504179,5.435689103,5.036420345,5.248508211
6.025856449,126,5.996480002,6.073998451,6.166483383,5.510847569,6.025856449
5.240298896,127,5.217250153,5.541196346,5.262926339,5.211874008,5.240298896
5.048121845,128,5.041020428,5.122807026,5.061101009,4.987296581,5.048121845
6.344605862,129,6.302826207,7.034154892,6.33758093,6.827670574,6.344605862
5.565647625,130,5.57838864,5.51714468,5.513863153,4.900771141,5.565647625
6.154255194,131,6.182042433,5.96551466,6.06897006,6.015916348,6.154255194
6.206102097,132,6.189673466,6.237005711,6.283420298,6.390336037,6.206102097
6.308323429,133,6.304872798,6.153571129,6.378310936,6.044657707,6.308323429
5.947522008,134,5.957946835,5.894701004,5.909529974,5.773793697,5.947522008
5.505681665,135,5.546521792,5.32181263,5.349157332,5.061919212,5.505681665
6.497624457,136,6.380308603,6.550635338,7.105638603,5.828297138,6.497624457
5.505757058,137,5.455181655,5.347245216,5.828329778,5.916957378,5.505757058
5.914606688,138,5.952283644,5.925664902,5.709976854,6.143329144,5.914606688
5.772794105,139,5.799390539,5.249370098,5.805421042,5.664179325,5.772794105
5.722114581,140,5.697854956,5.789144516,5.829155897,4.984239101,5.722114581
5.446170797,141,5.48052079,5.531836987,5.234415317,4.956258297,5.446170797
5.572263906,142,5.525840588,5.589771271,5.814019146,5.177948952,5.572263906
6.166724344,143,6.145409688,6.070377827,6.312518012,6.272645473,6.166724344
6.045671343,144,6.06794902,6.103653431,5.907529743,6.07336998,6.045671343
7.066839836,145,6.993632742,7.432043076,7.335543296,6.922175407,7.066839836
4.962414696,146,4.925196922,5.257219791,5.062641167,6.276731491,4.962414696
6.821122809,147,6.890033743,6.614040852,6.522625192,6.048755646,6.821122809
5.450046408,148,5.424251493,5.371279716,5.613874854,5.742660522,5.450046408
5.708987005,149,5.53256767,6.214704037,6.481317823,5.657217979,5.708987005
4.814773248,150,4.784798771,4.872248173,4.955478822,4.993243217,4.814773248
5.112464812,151,5.079166119,5.545172691,5.145821882,5.325386047,5.112464812
6.057033395,153,6.042997496,6.076364517,6.125447813,5.496747494,6.057033395
5.838222404,154,5.893129373,5.400342464,5.691345254,5.278507233,5.838222404
6.509050242,155,6.460039567,6.817714214,6.667552399,7.671027184,6.509050242
5.092647838,156,5.09389387,5.04447937,5.10205849,4.915388584,5.092647838
6.027454484,157,6.015279733,5.945916653,6.119565727,6.394443989,6.027454484
6.147599201,158,6.134580086,6.42752552,6.123725586,7.255939007,6.147599201
6.408411012,159,6.393397193,6.651264191,6.407533575,5.940404415,6.408411012
5.705784649,160,5.692708314,6.022134304,5.670075175,5.524745464,5.705784649
5.59024333,161,5.671833626,5.06960535,5.328640961,4.901711464,5.59024333
5.457456625,162,5.430956357,5.610495567,5.547778323,4.87691164,5.457456625
5.90770184,163,5.914514388,5.340594769,6.060403982,5.036671162,5.90770184
6.023005532,164,6.05344,5.831861973,5.924402849,8.105710983,8.105710983
5.26571409,165,5.256722578,5.214474678,5.33074858,5.167495728,5.26571409
5.133150647,166,5.161192425,4.941761017,5.047390978,4.564982891,5.133150647
6.133750026,167,6.169262182,6.131430626,5.945124913,6.140981674,6.133750026
5.289733294,168,5.30842823,5.294831276,5.188327601,5.060279846,5.289733294
5.749054513,169,5.699976501,6.125104904,5.885453739,5.997169018,5.749054513
6.236211502,170,6.233576222,6.561347008,6.141887743,6.118027687,6.236211502
6.794465516,171,6.6964299,7.125567436,7.206954711,7.320661068,6.794465516
5.678370773,172,5.714929998,5.492588997,5.545315539,5.446148872,5.678370773
5.25814603,173,5.247132638,5.263422966,5.31512502,5.547673702,5.25814603
6.005946943,174,5.991950425,6.346273422,5.967152879,6.619513035,6.005946943
7.218677802,175,7.174528645,7.858571053,7.240842108,8.329785347,8.329785347
5.113351467,176,5.075997286,5.32199192,5.243026912,4.712695122,5.113351467
5.83269516,177,5.882683331,5.659279823,5.623896694,4.888180256,5.83269516
5.316104448,178,5.313073688,5.226477623,5.362143994,5.097157478,5.316104448
6.157362108,179,6.177435673,6.212436676,6.031944948,6.036757946,6.157362108
6.5868859,180,6.576308197,7.005720139,6.503688904,6.756322861,6.5868859
5.612687532,181,5.584807295,5.699663639,5.732390051,4.835722446,5.612687532
5.870106001,182,5.883380898,5.875959396,5.797355415,5.524103165,5.870106001
5.40842293,183,5.39970135,5.845603466,5.30921122,5.952940464,5.40842293
5.245791997,184,5.217404396,4.894365788,5.514334545,4.847882271,5.245791997
5.69200641,185,5.6943527,5.799133301,5.643783941,5.30157423,5.69200641
5.431494728,186,5.317802506,5.508033276,6.012340278,5.996418953,5.431494728
6.525225036,187,6.521575375,6.605912209,6.517794087,7.553877354,6.525225036
5.033036282,188,5.010136476,5.275321007,5.074407006,4.485831738,5.033036282
5.711028942,189,5.711445431,5.942211628,5.631746731,5.740477085,5.711028942
5.379755206,190,5.377707096,5.27781868,5.424657179,5.485603809,5.379755206
5.741162151,191,5.729317071,6.031365395,5.707601495,5.395306587,5.741162151
5.611193696,192,5.623195075,5.322257042,5.643498483,5.195153713,5.611193696
5.167230655,193,5.136585819,5.250243187,5.302998813,5.004983902,5.167230655
6.166597034,194,6.179520917,6.268120766,6.063828334,6.594071388,6.166597034
6.484664067,195,6.487891168,7.047692299,6.279776709,6.69137001,6.484664067
5.481991841,196,5.494157529,5.396402836,5.445637763,5.21990633,5.481991841
5.47816556,197,5.439854619,5.290237904,5.745133013,4.802936077,5.47816556
5.299656748,198,5.294605057,5.241630077,5.345941318,4.988665104,5.299656748
6.343177503,199,6.353391634,6.566228867,6.214351684,5.805438995,6.343177503
4.97952919,200,4.918984971,5.080693722,5.268710101,4.703820229,4.97952919
6.308757478,201,6.339761066,6.310531616,6.142813671,6.287722588,6.308757478
5.555178182,202,5.562541866,5.617943764,5.494983258,5.467959881,5.555178182
5.184447687,203,5.133343085,5.47926569,5.358732773,5.519267082,5.184447687
5.165727906,204,5.181842875,5.135331631,5.08991346,4.92502594,5.165727906
5.975757455,205,6.039020367,5.503038406,5.795928149,5.399138927,5.975757455
5.091265285,206,5.07408519,5.084975719,5.1849889,5.495884418,5.091265285
5.426184712,207,5.427887144,5.144329071,5.511056952,4.810717583,5.426184712
5.975849653,208,6.036906336,6.147049427,5.593147338,5.87557888,5.975849653
6.509065296,209,6.575840677,5.770340443,6.399171507,5.542162418,6.509065296
6.762008173,210,6.760434854,6.545815945,6.842463245,7.082449436,6.762008173
5.3847086,211,5.30939639,5.502869606,5.746986758,5.156995296,5.3847086
5.077867859,212,5.067901983,5.312897205,5.052675961,4.919191837,5.077867859
6.116444967,213,6.186016848,6.186937332,5.721897363,7.03312254,6.116444967
7.174947956,214,7.093874833,7.417821884,7.526379972,7.523875713,7.174947956
5.145962661,215,5.110043004,5.452172756,5.235464131,5.348926067,5.145962661
5.852048676,216,5.895404212,5.8570714,5.619144947,5.487418175,5.852048676
5.779673079,217,5.762648096,5.727965355,5.887708937,4.999796867,5.779673079
6.171552725,218,6.153722457,6.471768856,6.166575328,6.360733986,6.171552725
6.008333413,219,6.034478129,5.94083643,5.891393844,5.40241003,6.008333413
6.233923402,220,6.146508508,6.75847435,6.525285737,5.937381744,6.233923402
6.680954307,221,6.665700604,7.049893379,6.639327578,7.807793617,6.680954307
6.530814686,222,6.602148377,6.377863884,6.201351935,6.40823555,6.530814686
5.186549126,223,5.185321465,4.977556705,5.26276077,5.093234062,5.186549126
6.099040857,224,6.094245431,6.275248528,6.065880573,6.249762058,6.099040857
5.630544979,225,5.6654904,5.460012436,5.501013543,5.829346657,5.630544979
5.874116131,226,5.860148626,5.772280216,5.982554838,5.079930782,5.874116131
4.873001985,227,4.853467736,5.206412315,4.866047755,4.796415806,4.873001985
5.653158862,228,5.635171637,5.893056393,5.669124884,5.325620174,5.653158862
5.994003635,229,5.99147956,6.033424377,5.994324997,5.896384239,5.994003635
5.182305998,230,5.194731691,5.194719315,5.111897825,5.445629597,5.182305998
4.828950667,231,4.849718091,4.685178757,4.766115063,4.686428547,4.828950667
4.942870809,232,4.921769277,5.218187809,4.963639858,5.246285915,4.942870809
4.784215548,233,4.786751147,4.938588619,4.719234624,4.786036015,4.784215548
4.756679969,234,4.741079697,4.680305481,4.865339601,4.835940361,4.756679969
6.100725358,235,6.176093008,5.84112072,5.785299318,5.392863274,6.100725358
5.00773664,236,5.035871982,4.95051527,4.876755257,4.870774746,5.00773664
6.273011635,237,6.228555812,7.121344566,6.227331638,7.198303699,6.273011635
6.265784237,238,6.220859185,6.262914181,6.506341082,6.464929581,6.265784237
6.073276819,239,6.092459033,6.085939407,5.966750815,6.35479641,6.073276819
5.763114639,240,5.764205671,5.717823029,5.772393045,5.411630154,5.763114639
5.988384205,241,5.999387401,6.098116398,5.893123012,5.833880901,5.988384205
6.393749656,242,6.368116732,6.796849728,6.396091812,6.023013115,6.393749656
6.284064584,243,6.322955671,5.945343018,6.189552526,6.163477898,6.284064584
6.355342747,244,6.414732813,6.099811554,6.123772717,5.804101944,6.355342747
5.350937885,245,5.364793944,5.448498726,5.244518628,5.085612297,5.350937885
6.315717367,246,6.397012548,5.759019375,6.067709102,5.492498398,6.315717367
7.455162689,247,7.553154386,7.544660568,6.902707683,7.841248512,7.455162689
6.402290844,248,6.51538593,5.916021347,5.961206847,6.733822346,6.402290844
7.957916048,249,8.019828623,8.306453705,7.511536394,7.661316395,7.957916048
5.759501707,250,5.703941823,5.736497402,6.063489111,5.759324551,5.759501707
6.284378973,251,6.264123833,6.030333042,6.47708836,6.372512341,6.284378973
5.696073079,252,5.770632697,5.584178925,5.335719753,4.800291061,5.696073079
5.688135025,253,5.70977793,5.737145901,5.556369159,5.20002985,5.688135025
6.940101659,254,6.835001327,7.496663094,7.315116207,7.61214447,6.940101659
7.087104282,255,7.085422401,6.896066666,7.15975352,6.825150013,7.087104282
6.311889435,256,6.433801971,5.507820129,5.929712304,5.005484104,6.311889435
5.489947597,257,5.596012602,4.854011536,5.136246258,4.96661377,5.489947597
5.630924978,258,5.624279301,5.755975246,5.624685162,5.035459518,5.630924978
6.011857333,259,6.067643741,5.64581871,5.836342698,5.276859283,6.011857333
5.758796098,260,5.795768581,5.780533791,5.554363506,5.391692162,5.758796098
5.226141397,261,5.239771836,5.111320019,5.191719517,5.6100564,5.226141397
5.760382673,262,5.741833542,5.612213612,5.908701056,5.955527782,5.760382673
5.383455885,263,5.440630007,5.092638493,5.17546629,4.380605698,5.383455885
6.308906074,264,6.40622143,5.886973381,5.93053495,4.838963032,6.308906074
5.117974792,265,5.123141616,5.190746784,5.06616107,5.428803444,5.117974792
7.232825993,266,7.125898514,7.858121872,7.594673881,7.579451084,7.232825993
6.915552392,267,6.814394839,7.294308662,7.328807292,6.528790474,6.915552392
6.253524275,268,6.251922167,6.272438526,6.255764017,5.634422779,6.253524275
6.931486026,269,6.921698395,7.340742111,6.847267946,6.619060993,6.931486026
6.757706148,270,6.824558799,6.842606544,6.372858505,6.562750816,6.757706148
5.386879613,271,5.402017042,5.472572327,5.277582384,4.985894203,5.386879613
5.45166139,272,5.449112263,5.686233997,5.387065784,5.195289135,5.45166139
5.495697705,273,5.550430399,5.135234356,5.323944378,5.280305862,5.495697705
6.323693344,274,6.275666888,5.993353844,6.689947646,5.501275063,6.323693344
5.508181765,275,5.528388009,5.525717258,5.394570004,5.085997105,5.508181765
6.262642731,276,6.185565022,6.677345276,6.535489546,6.764772892,6.262642731
5.670118043,277,5.657644013,5.973549843,5.635502189,5.437148094,5.670118043
6.563691965,278,6.665209183,6.00497961,6.208504255,6.184866428,6.563691965
6.469374979,279,6.556035612,6.449956894,6.013657637,5.766691685,6.469374979
6.213225627,280,6.216706015,6.31319952,6.161338969,5.717038155,6.213225627
5.135531809,281,5.140605225,5.189261436,5.090563711,4.960451126,5.135531809
5.932200128,282,5.896390339,5.84513092,6.152208618,6.150772572,5.932200128
6.127190377,283,6.236048603,5.628327847,5.712900722,4.796109676,6.127190377
6.208216738,284,6.231681145,6.066301823,6.130378128,5.90549612,6.208216738
6.070996207,285,6.105965562,6.246497154,5.825992704,5.678315639,6.070996207
5.826722449,286,5.856875294,5.675022125,5.716474092,5.854092121,5.826722449
5.500758276,287,5.506509408,5.373009205,5.512668513,5.051715851,5.500758276
6.177050133,288,6.178610616,6.195872784,6.162453265,5.631969929,6.177050133
5.91531134,289,5.881551541,5.811192989,6.130069719,5.521218777,5.91531134
5.726753074,290,5.719125891,5.75113821,5.759302964,5.100161552,5.726753074
6.160425577,291,6.169643623,5.848017216,6.215398743,5.042299271,6.160425577
5.84872533,292,5.860794075,5.590847015,5.87031809,5.098391056,5.84872533
5.992466554,293,6.024967246,5.766738892,5.894371962,4.869946957,5.992466554
7.598801391,294,7.617991565,7.677497864,7.470221638,6.727585316,7.598801391
7.461604239,295,7.437336326,7.167176247,7.689175653,7.218898773,7.461604239
5.035046033,296,5.052753263,5.11045599,4.915470699,5.373592854,5.035046033
5.561515514,297,5.578495856,5.098782539,5.625197931,5.139283657,5.561515514
6.165426156,298,6.201809109,6.045499325,6.011359312,4.741303921,6.165426156
6.019659081,299,6.043438639,5.437385082,6.086925983,5.207285404,6.019659081
5.514455185,300,5.541958441,5.459659576,5.386036318,5.467379093,5.514455185
5.428705041,301,5.504890948,4.94725132,5.182864762,4.847177029,5.428705041
6.346253624,302,6.374384601,6.531821251,6.13436579,5.860908985,6.346253624
5.300315498,303,5.277390104,5.260852814,5.435738374,5.816587925,5.300315498
6.065942386,304,6.005347729,5.912677288,6.440202139,5.760752678,6.065942386
7.351020696,305,7.338512828,6.841769218,7.587479822,5.731339931,7.351020696
6.091267817,306,6.100874815,6.489918232,5.907147025,6.57796526,6.091267817
6.030737453,307,6.089175007,5.637500763,5.850149357,5.741459846,6.030737453
7.157092277,308,7.13579947,7.235627174,7.244475618,7.901883602,7.157092277
5.639312316,309,5.648579932,5.393502235,5.671821759,4.992295742,5.639312316
6.240852018,310,6.285685956,5.46298933,6.261025283,5.91197443,6.240852018
5.692040024,311,5.683706734,5.795502186,5.701996886,5.569697857,5.692040024
6.018969313,312,6.028751795,6.016958714,5.967466193,5.768890381,6.018969313
6.503383785,313,6.470185094,6.254896164,6.763272561,7.45273447,6.503383785
5.265789724,314,5.261425634,5.390574455,5.247469998,4.676142693,5.265789724
7.500400855,315,7.168386713,8.200890541,9.037646425,9.836203575,9.836203575
5.364769665,316,5.399130807,5.203496456,5.235267855,5.288984776,5.364769665
5.645591921,317,5.643627497,5.66750145,5.648765591,4.962581635,5.645591921
5.766247058,318,5.760363353,5.541929245,5.8723993,5.097337723,5.766247058
5.344294166,319,5.371117387,5.022572994,5.308477417,4.330101967,5.344294166
6.54851585,320,6.604957619,6.254539967,6.345485,5.735511303,6.54851585
6.478358927,321,6.478585018,6.95185709,6.31932035,6.129527092,6.478358927
5.962223284,322,6.037472166,5.581148624,5.687920722,5.750792503,5.962223284
5.543104134,323,5.582570198,5.45316124,5.362599303,5.40716362,5.543104134
5.829757416,324,5.943540879,5.317775249,5.393572888,5.756858826,5.829757416
5.703578417,325,5.724289996,5.686542511,5.598795339,5.216641903,5.703578417
6.202661379,326,6.236084291,5.943893433,6.110661712,6.106541634,6.202661379
6.050684073,327,6.030991009,5.813987732,6.234612491,5.766283989,6.050684073
6.73711208,328,6.717494354,6.729063511,6.844422847,6.966076851,6.73711208
5.344207574,329,5.406918103,4.998854637,5.124869045,4.881334305,5.344207574
5.665576307,330,5.725419419,5.381350517,5.441154978,5.29417944,5.665576307
6.097336052,331,6.130465679,5.759636879,6.033211136,5.911600113,6.097336052
7.150949784,332,7.058154008,7.323361397,7.588389971,7.54530859,7.150949784
5.438838404,333,5.484335457,4.964340687,5.354353381,5.251070023,5.438838404
5.79173004,334,5.671953324,6.212882042,6.290155075,5.828905582,5.79173004
6.028086988,335,5.992721457,6.449605465,6.076196878,6.301411152,6.028086988
5.729662449,336,5.699393199,5.743075848,5.886627196,5.251140118,5.729662449
5.470754903,337,5.472756597,5.285586834,5.521801932,4.958863258,5.470754903
5.849595576,339,5.888441156,5.615150452,5.720567562,5.596326828,5.849595576
5.819629637,340,5.818847803,5.461887836,5.943046725,5.583875656,5.819629637
5.264560404,341,5.211199499,5.63681078,5.425068478,5.682896137,5.264560404
6.781287087,342,6.890709364,6.637083054,6.245769537,6.608741283,6.781287087
5.556938553,343,5.559060065,5.438308239,5.5851673,5.877369881,5.556938553
5.57331815,344,5.531078385,5.888110638,5.693665948,5.812517643,5.57331815
5.291811625,345,5.2619104,5.291234016,5.451477278,5.317596912,5.291811625
5.148403562,346,5.150906656,5.200416088,5.117716095,4.991036415,5.148403562
5.146234474,347,5.116172882,5.078023911,5.3292997,5.807824135,5.146234474
5.43611659,348,5.400844117,5.851783752,5.485680729,5.063574791,5.43611659
5.222653979,349,5.240568406,5.109307289,5.164892634,5.019679546,5.222653979
5.264753674,350,5.277761468,5.159246922,5.230547689,4.853859901,5.264753674
5.238188245,351,5.246784279,4.955007553,5.286736233,4.984127522,5.238188245
5.832154743,352,5.846789005,5.655294418,5.813058708,6.055420876,5.832154743
4.905313201,353,4.865905801,5.153271675,5.032833219,5.154336452,4.905313201
4.808232441,354,4.776063925,5.023471832,4.908051434,5.427318573,4.808232441
5.629696502,355,5.621531108,5.61916399,5.676756068,5.611305714,5.629696502
5.679356467,356,5.709381347,5.311636925,5.641796956,5.513091087,5.679356467
5.54878304,357,5.55898587,5.560728073,5.490386189,5.564395428,5.54878304
5.660996218,358,5.700210348,5.60830307,5.469418617,5.335371017,5.660996218
5.194340995,359,5.201128671,5.235659599,5.144367224,4.996518135,5.194340995
5.02157471,360,4.964794704,5.031934261,5.320948185,4.586509228,5.02157471
4.911002486,361,4.897478649,5.122674942,4.912572012,5.062300205,4.911002486
5.349504894,362,5.331616524,5.511707306,5.390841947,5.897328377,5.349504894
5.262429655,363,5.263702227,5.12425518,5.301700686,4.947707176,5.262429655
5.799904281,364,5.791007007,5.851604462,5.830123058,6.042333126,5.799904281
5.143150437,365,5.109368201,5.274934769,5.279394251,5.108075619,5.143150437
5.480850322,366,5.48095501,5.378014088,5.51457061,5.169305801,5.480850322
6.291657252,367,6.307907711,6.408292294,6.166109671,5.803164959,6.291657252
5.922659443,368,5.879922502,6.349229813,6.008399671,6.039875984,5.922659443
5.706907853,369,5.720556439,5.592638493,5.672205064,5.459641933,5.706907853
4.995547639,370,4.978786933,5.143167019,5.035731492,5.097185612,4.995547639
6.048256572,371,5.979714819,6.372760773,6.305644406,7.377995491,6.048256572
5.685891938,372,5.706064693,5.612267494,5.602845277,5.758756638,5.685891938
5.876705773,373,5.829557697,6.42879343,5.944132882,9.045391083,9.045391083
5.437439467,374,5.441676273,5.44201088,5.413319403,6.369655609,5.437439467
5.961612776,375,5.911392321,6.268510342,6.127156057,7.024651527,5.961612776
4.816229796,376,4.787450784,4.935042858,4.930113505,5.075559616,4.816229796
6.547467812,377,6.517004767,7.07750988,6.533256736,6.744421482,6.547467812
4.78599375,378,4.796435673,4.738542557,4.7461205,4.535617352,4.78599375
5.497019489,379,5.528870679,5.168375969,5.436694316,4.784644127,5.497019489
5.562917014,380,5.518126065,5.99699688,5.657108832,6.272966862,5.562917014
6.512983207,381,6.50880714,7.279014587,6.279911766,5.277722836,6.512983207
5.441182225,382,5.415066318,5.497382641,5.561733509,4.757621288,5.441182225
5.121637846,383,5.090705369,5.205049515,5.258807164,4.865400314,5.121637846
5.716559853,384,5.694203225,5.793370247,5.810191624,5.900226593,5.716559853
5.034477554,385,5.059367167,4.955913544,4.927920898,4.740873337,5.034477554
5.725384912,386,5.722977601,5.739530087,5.733508761,5.306407452,5.725384912
5.228833498,387,5.256548634,5.159741879,5.104049861,5.333586216,5.228833498
5.348499646,388,5.343150474,5.49466753,5.328305814,5.2725811,5.348499646
5.760245011,389,5.747521356,5.556427479,5.896043561,6.209450722,5.760245011
6.420385723,390,6.511093248,5.870700836,6.119840476,5.633948803,6.420385723
5.258495004,391,5.30153064,4.874363422,5.157015431,5.15065527,5.258495004
4.914802787,392,4.886499916,5.150964737,4.987030743,4.904952049,4.914802787
5.751887361,393,5.816376469,5.435389519,5.513444612,5.561832428,5.751887361
6.09613682,394,6.010199201,6.293625355,6.488641319,6.824811459,6.09613682
6.052996963,395,5.982829889,6.26056242,6.358032832,5.952420235,6.052996963
4.740876308,396,4.726408942,4.671066284,4.841305561,4.549284458,4.740876308
6.264799602,397,6.256453706,5.508432865,6.561433252,6.24498558,6.264799602
5.680459922,398,5.707733251,5.523804665,5.587220466,5.485229015,5.680459922
5.686915927,399,5.679804095,5.379894257,5.827186214,6.01007843,5.686915927
5.183517452,400,5.146496715,5.43707037,5.296443623,5.495252132,5.183517452
6.558281988,401,6.423367368,7.668540001,6.907740668,7.722949028,6.558281988
4.980618027,402,4.964104224,4.975775719,5.070305721,4.665099621,4.980618027
5.287882382,403,5.265267378,5.385399342,5.375990041,5.094624043,5.287882382
5.555289955,404,5.612498979,5.485259533,5.27351851,5.257537365,5.555289955
5.286060466,405,5.31761885,5.273643017,5.121888196,4.991872787,5.286060466
7.134329847,406,7.185442013,7.104319572,6.871734938,7.351399899,7.134329847
4.826377566,407,4.833179584,4.854078293,4.780866561,4.506966591,4.826377566
6.090266889,408,6.014038884,6.309520721,6.423731675,6.202356815,6.090266889
5.52398644,409,5.535100623,5.484145641,5.477990983,4.981048584,5.52398644
5.656156585,410,5.615593932,5.516708851,5.918973228,5.550563812,5.656156585
6.712815646,411,6.716272065,6.925081253,6.623626088,7.237010956,6.712815646
5.601049377,412,5.588883556,5.347894669,5.750318541,5.644073963,5.601049377
6.763065507,413,6.701203401,7.638409615,6.801215328,6.031319618,6.763065507
5.234312986,414,5.222926754,5.294579506,5.274950597,4.235845566,5.234312986
5.527513297,415,5.461583156,5.78474474,5.793396939,5.316603184,5.527513297
6.666881193,416,6.541026451,6.783474922,7.299241788,6.247873306,6.666881193
5.475280492,417,5.481466525,5.404817581,5.465775991,5.300858974,5.475280492
5.785498398,418,5.838160601,5.77585125,5.507848911,5.379179955,5.785498398
5.206056454,419,5.237783506,5.076246262,5.080115577,5.488028526,5.206056454
5.520478115,420,5.500975283,5.460106373,5.644617011,5.342533588,5.520478115
5.337055565,421,5.446810654,4.684682846,4.969152682,4.682453156,5.337055565
5.978951166,422,6.001457431,6.076422691,5.826427163,5.245670319,5.978951166
5.737981575,423,5.785153529,5.576213837,5.540320278,5.513328552,5.737981575
5.443787928,424,5.43675649,5.245222569,5.547477428,5.579740524,5.443787928
6.614170554,425,6.504429665,7.122603416,7.029977598,6.997522831,6.614170554
5.389755034,426,5.385923251,5.331062317,5.429755328,5.216187,5.389755034
5.226486179,427,5.217407244,5.308876991,5.247443482,5.17026329,5.226486179
5.372223743,428,5.39053543,5.064301968,5.377201965,5.503682137,5.372223743
5.818288554,429,5.763484049,5.942935944,6.069030117,6.043610096,5.818288554
5.569068465,430,5.562403767,5.168194294,5.738238282,5.704191685,5.569068465
5.29632115,431,5.272284762,5.761372566,5.269498121,5.743690014,5.29632115
6.108898654,432,6.115370715,6.005331993,6.108903256,6.295719147,6.108898654
5.165483986,433,5.203629533,4.883767128,5.055946708,4.584660053,5.165483986
5.421027151,434,5.486402643,5.248187065,5.129971179,5.117611885,5.421027151
5.986685637,435,5.973587699,5.852056026,6.101417804,5.422457695,5.986685637
6.185626762,436,6.161903686,6.389228821,6.244282521,5.426396847,6.185626762
6.541172073,437,6.669007486,6.429523468,5.896599286,5.985324383,6.541172073
6.057818005,438,6.022994384,6.031750202,6.252233172,6.634888172,6.057818005
6.516336653,439,6.51528365,6.940454006,6.380580143,5.638560772,6.516336653
5.23386511,440,5.15785328,5.467187405,5.56148732,5.224814415,5.23386511
6.200360462,441,6.241235965,6.448328495,5.899701768,5.952203751,6.200360462
5.487146254,442,5.47907112,5.35635376,5.573811013,5.153066635,5.487146254
5.42427844,443,5.385729132,5.703894615,5.536669401,5.337059498,5.42427844
5.892743326,444,5.90234964,5.726882458,5.896796487,5.699268818,5.892743326
6.078221573,445,6.084582702,6.084251404,6.042285609,5.940148354,6.078221573
5.708245759,446,5.7340334,5.600039482,5.606780473,5.527060509,5.708245759
5.863996949,447,5.962412105,5.777107239,5.368079274,5.516093731,5.863996949
5.63532917,448,5.693906946,5.36973238,5.411446629,5.276896,5.63532917
6.40369431,449,6.313769351,7.154186249,6.633130074,6.221542835,6.40369431
6.076305197,450,6.144038226,5.537696838,5.894598414,6.06445694,6.076305197
5.642590794,451,5.634290545,5.636773586,5.688797823,5.624352455,5.642590794
5.54669796,452,5.524136633,5.663427353,5.62811512,5.489962578,5.54669796
5.871939373,454,5.912463618,5.790897846,5.68282379,5.725056648,5.871939373
6.188667976,455,6.199886068,6.411509514,6.054557638,6.271558285,6.188667976
5.623569253,456,5.641907498,5.78324604,5.472539643,5.888399124,5.623569253
5.906263714,457,5.926112745,5.818056583,5.829804634,5.917448044,5.906263714
5.717221636,458,5.726238265,5.776564598,5.649352,5.302819729,5.717221636
6.343080525,459,6.334028039,6.655908108,6.28708455,6.684290409,6.343080525
5.858750896,460,5.864200736,5.980230808,5.789191662,6.184064388,5.858750896
5.531985668,461,5.512374008,5.472579479,5.656383208,5.42208147,5.531985668
6.033406372,462,6.025975786,5.879082203,6.124477592,6.083335876,6.033406372
6.366735943,463,6.37057555,6.405865669,6.333214836,7.069213867,6.366735943
6.45210264,464,6.437588469,6.621200085,6.473145619,6.818976402,6.45210264
5.695553449,465,5.730436173,5.452325821,5.590588091,5.880556107,5.695553449
5.473172919,466,5.48681665,5.171704292,5.500895894,5.304158211,5.473172919
5.273046773,467,5.299503592,5.222959995,5.148639288,5.115875244,5.273046773
5.846164521,468,5.887593819,5.6140728,5.702572216,5.669542313,5.846164521
6.060682989,469,6.050301062,6.147442341,6.087133446,5.717794418,6.060682989
6.286156487,470,6.293461573,6.272003174,6.251913842,6.280033588,6.286156487
5.294189719,471,5.334116443,5.17908144,5.119616579,5.147552967,5.294189719
5.790381196,472,5.779209624,5.989023209,5.783748825,5.822865963,5.790381196
5.542433179,473,5.578094749,5.425357342,5.39126346,5.061474323,5.542433179
5.594269429,474,5.644687489,5.519788265,5.350200167,5.292272091,5.594269429
5.238180142,475,5.279407191,5.124239445,5.056282819,5.2397995,5.238180142
5.453782252,476,5.478400116,5.366097927,5.351714971,5.389624596,5.453782252
5.559992814,477,5.583402925,5.519483089,5.448642134,5.306646347,5.559992814
5.924809274,478,5.902360793,6.515782833,5.847543237,5.672504902,5.924809274
5.649930167,479,5.676873188,5.578739643,5.52996423,5.504619122,5.649930167
5.471280147,480,5.513517489,5.150343418,5.352993114,5.182953835,5.471280147
5.437869597,481,5.463634857,5.473607063,5.288542347,5.043121338,5.437869597
5.509362867,482,5.523668035,5.363097191,5.481823862,5.538329601,5.509362867
5.061439355,483,5.055846309,5.078406334,5.085613275,4.889231205,5.061439355
5.999528076,484,5.897569716,6.113753796,6.505230716,6.153505802,5.999528076
5.745667957,485,5.779763054,5.753546715,5.561201104,5.846045017,5.745667957
5.341989157,486,5.35943551,5.258235455,5.276859885,5.2762537,5.341989157
5.2152452,487,5.226242152,5.175656319,5.169790964,4.905135632,5.2152452
5.597662107,488,5.558336108,5.635070324,5.794931402,5.16934824,5.597662107
5.324624233,489,5.379652191,4.985358238,5.144230398,5.204017162,5.324624233
5.305721377,490,5.360922763,4.972729683,5.122311218,4.993940353,5.305721377
5.322142651,491,5.34165417,5.117185116,5.286400396,5.280442715,5.322142651
5.236083298,492,5.281151748,5.062953949,5.053428058,5.07521534,5.236083298
5.394082918,493,5.441120843,5.117542267,5.23539424,5.098637104,5.394082918
5.249394097,494,5.293503906,5.116003036,5.058605429,5.317968845,5.249394097
5.185815154,495,5.218993962,5.003993988,5.069468525,4.781766415,5.185815154
5.427179478,496,5.451694237,5.32109499,5.331795594,5.407078743,5.427179478
5.443028146,497,5.481350875,5.230491638,5.309485723,5.358353138,5.443028146
5.352789722,498,5.375470596,5.188863754,5.286467015,5.358054161,5.352789722
5.195690251,499,5.212860786,5.140666485,5.122455356,5.217419147,5.195690251
5.063918004,500,5.067639664,5.050748348,5.048458956,5.156534672,5.063918004
5.424533809,501,5.394841591,5.465224266,5.569328776,5.146420479,5.424533809
5.116784382,502,5.123419461,5.097251415,5.087908245,4.918806076,5.116784382
5.052254025,503,5.038766339,5.20699501,5.072608019,4.959011555,5.052254025
5.285400319,504,5.300186275,5.189510822,5.238504931,5.286247253,5.285400319
5.539645054,505,5.540235148,5.641369343,5.502589832,5.546788692,5.539645054
5.317779807,506,5.348361655,5.090640545,5.230389624,5.869412422,5.317779807
5.614952397,507,5.611515061,5.675664425,5.613047473,5.519729137,5.614952397
5.275760346,508,5.300361835,5.217969894,5.16381585,5.446426868,5.275760346
5.31087347,509,5.375837768,5.078847885,5.041739034,5.018880367,5.31087347
5.208963237,510,5.233069101,5.105064869,5.115031338,5.19132185,5.208963237
5.345665622,511,5.414778463,5.030315399,5.082180504,5.377769947,5.345665622
5.204800249,512,5.215845903,5.188714981,5.151251887,5.38514328,5.204800249
5.294674162,513,5.298437883,5.19224596,5.308743758,5.472238541,5.294674162
5.622103178,514,5.63334809,5.297885895,5.670202663,5.256315231,5.622103178
5.572257522,515,5.582706024,5.585819721,5.512011326,5.375205994,5.572257522
5.761672346,516,5.762325008,5.740353584,5.765297771,5.236646652,5.761672346
5.880997524,517,5.877981117,5.985458374,5.862264701,5.920135975,5.880997524
5.681113815,518,5.723638428,5.396473885,5.549195815,5.554198265,5.681113815
5.569579485,519,5.613714748,5.47202301,5.366710282,5.475969315,5.569579485
5.369659851,520,5.369038521,5.557794571,5.310262037,5.173450947,5.369659851
6.038440211,521,6.069796552,5.99324894,5.886270188,5.660443306,6.038440211
5.317369594,522,5.330985317,5.155640602,5.298661992,5.124401093,5.317369594
5.302066,523,5.278230936,5.278991222,5.436877857,5.105422974,5.302066
5.593046522,524,5.571230134,5.624676704,5.698857113,6.169277668,5.593046522
5.046870261,525,5.056004342,5.090827465,4.983502803,5.037750244,5.046870261
5.347798653,526,5.378540324,5.351936817,5.182463683,5.541642666,5.347798653
5.251916564,527,5.291163405,5.071499825,5.102738951,5.089722157,5.251916564
5.570204185,528,5.577002243,5.700884819,5.490387588,5.720850468,5.570204185
5.240947572,529,5.277969618,5.03930378,5.110711217,4.928189754,5.240947572
5.339331897,530,5.363153691,5.286680222,5.229832807,5.255954266,5.339331897
5.410753447,531,5.454133025,5.05923605,5.296568084,5.460248947,5.410753447
4.927587034,532,4.928074478,4.96330595,4.913081052,4.630731583,4.927587034
5.209742379,533,5.230634747,5.087417126,5.139091425,4.844601154,5.209742379
5.118376491,534,5.106920755,5.331491947,5.108435304,5.12016964,5.118376491
5.18274332,535,5.194997526,5.143913746,5.130330785,4.930657864,5.18274332
5.225311119,536,5.258573862,5.051715851,5.105774878,5.204746723,5.225311119
5.167028083,537,5.1886766,5.137982845,5.061251031,5.136962891,5.167028083
5.399183737,538,5.398854513,5.281616688,5.440128493,4.761336803,5.399183737
5.357021146,539,5.37524766,5.253558159,5.294300733,5.275185585,5.357021146
4.980764113,540,4.96351368,5.042591095,5.052157429,4.794706821,4.980764113
5.064344587,541,5.082360837,5.055751324,4.971122379,4.964923859,5.064344587
5.105914017,542,5.11706275,5.109030247,5.045415246,5.112466812,5.105914017
5.033628286,543,5.040925591,5.000420094,5.005778686,5.937484264,5.033628286
5.220780335,544,5.261334459,5.116673946,5.039193679,5.262187004,5.220780335
5.20707454,545,5.166981778,5.560437202,5.30311497,5.46683979,5.20707454
6.195202591,546,6.155964001,6.568724155,6.279967761,5.906351566,6.195202591
5.139970938,547,5.145843173,5.088903427,5.125674892,4.913534641,5.139970938
6.082341058,548,6.06216699,6.190238476,6.153970239,5.737964153,6.082341058
5.737380609,549,5.714849944,5.904010296,5.802000848,5.978359222,5.737380609
5.114361258,550,5.10410246,5.269250393,5.117445177,5.343637466,5.114361258
6.143880049,551,6.132762338,6.2880826,6.15510699,6.615533352,6.143880049
5.279859983,552,5.244844735,5.709405422,5.323426119,5.453875542,5.279859983
6.538974152,553,6.475377319,7.110918999,6.68750886,7.651010036,6.538974152
5.849747016,555,5.770112313,6.272582531,6.133520298,5.495717525,5.849747016
6.143618459,556,6.103765219,6.634585381,6.192513469,6.833865166,6.143618459
5.619882341,557,5.630647748,5.945867062,5.453805183,6.732297897,5.619882341
5.293322316,558,5.290278122,5.470328331,5.250556007,5.099672794,5.293322316
5.313721993,559,5.287845989,5.433098316,5.411935122,5.408913612,5.313721993
5.777908602,561,5.716491551,5.777059078,6.105749344,5.650043964,5.777908602
5.134501662,562,5.150276602,5.080608368,5.068332959,4.822100163,5.134501662
5.740768454,563,5.675044464,5.934004307,6.02688449,5.968539715,5.740768454
5.201541179,564,5.179770179,5.151179314,5.33444043,5.372886658,5.201541179
4.956627572,565,4.959459564,5.005002499,4.925398597,4.863591671,4.956627572
5.782346396,567,5.746731833,5.641396999,6.019273785,5.622888088,5.782346396
6.188086148,568,6.251828749,5.807468891,5.974998028,5.906629562,6.188086148
6.172839701,569,6.139774588,6.234912872,6.328495909,6.095143318,6.172839701
5.50637668,570,5.559164811,5.190645695,5.330083523,5.050245285,5.50637668
6.583790703,571,6.440346213,6.885151863,7.248374263,6.882423401,6.583790703
6.145935336,572,6.123444787,6.195721626,6.249289499,6.561891556,6.145935336
4.971039499,573,4.951360246,5.018802643,5.060074383,4.619031906,4.971039499
5.36546112,574,5.345723706,5.162424088,5.538406219,5.545024872,5.36546112
5.796631923,576,5.803720287,5.715120316,5.785997813,5.99044466,5.796631923
6.293547532,577,6.271881404,6.754046917,6.2556003,6.681120872,6.293547532
4.941366277,578,4.91868855,4.922870636,5.068479348,4.607409477,4.941366277
6.141129893,579,6.146838219,6.159507751,6.10455957,6.199340343,6.141129893
5.623335736,580,5.602512336,5.798947811,5.675856509,5.334969044,5.623335736
4.837870681,581,4.815732179,4.972882748,4.91093863,4.818619251,4.837870681
5.15415151,582,5.070690651,4.92818594,5.674597943,5.631669521,5.15415151
4.902880033,583,4.893948172,5.010368347,4.914687226,5.01199007,4.902880033
5.766991016,584,5.811139152,5.931943417,5.476550073,5.852067471,5.766991016
4.883171959,585,4.872475286,4.732521057,4.990437806,4.541965961,4.883171959
5.327811456,586,5.326696265,5.396108627,5.310993419,5.175346375,5.327811456
6.185380757,587,6.150785073,6.139212132,6.385280573,5.774959087,6.185380757
5.079814954,588,5.077407004,5.075280666,5.094168785,5.043426037,5.079814954
4.949418023,589,4.90876774,5.050538063,5.132512812,5.763818264,4.949418023
6.067803281,592,6.037395052,6.836444378,5.973766681,7.065557003,6.067803281
5.090926426,593,5.099382631,5.166849136,5.020518974,5.166658878,5.090926426
5.741174522,594,5.736422576,5.718785763,5.773981035,5.550720692,5.741174522
5.299557527,595,5.312697145,5.347707748,5.213429452,5.007152081,5.299557527
5.353083707,596,5.333611218,5.536766529,5.395709331,5.460566521,5.353083707
5.123711545,597,5.104598874,5.04629755,5.251450338,5.682516098,5.123711545
5.80756851,598,5.777053819,5.873791695,5.948239177,5.355088711,5.80756851
6.682972223,600,6.644191539,7.444963455,6.635805459,7.647017479,6.682972223
6.035886184,601,6.080604057,6.292829514,5.711743081,6.229809284,6.035886184
5.879406418,602,5.916638318,5.823218822,5.699565484,5.696153641,5.879406418
5.924778171,603,5.950908928,5.818030834,5.820996576,5.417133808,5.924778171
5.908882026,604,5.846551588,5.890759945,6.247351759,6.066335678,5.908882026
5.145052468,607,5.110237386,5.83032608,5.102308367,6.526028156,5.145052468
5.546921478,608,5.513839003,5.384361744,5.777547921,5.293862343,5.546921478
5.581109089,609,5.534199302,5.913283825,5.720569709,5.662650108,5.581109089
5.175527248,610,5.122414338,5.191214085,5.453567161,5.141703606,5.175527248
5.495516313,611,5.529362193,5.44099617,5.333178297,5.62774992,5.495516313
4.93070717,612,4.900541628,5.005724907,5.06658411,4.744232178,4.93070717
5.940051268,613,5.889307947,6.2171731,6.118308289,6.162376881,5.940051268
6.903950534,614,6.849438761,7.726037025,6.920651197,8.049301147,8.049301147
6.729787994,616,6.723454001,7.150884628,6.623203667,7.378234386,6.729787994
5.098131645,617,5.106597448,5.22758007,5.009831219,4.858788967,5.098131645
6.542497406,618,6.648532358,6.32289505,6.050178366,7.662544727,6.542497406
5.476153381,619,5.423049442,5.736002445,5.672758074,5.78375721,5.476153381
6.077376624,621,6.099844587,5.897328854,6.017563411,5.802700996,6.077376624
6.224833634,622,6.147956381,6.966968536,6.387467272,6.695388317,6.224833634
6.19129983,623,6.160597961,6.72203064,6.178132858,5.836061001,6.19129983
5.900713264,624,5.85374917,6.106720924,6.082519131,5.765295029,5.900713264
5.108494992,625,5.088718717,5.314251423,5.145382864,5.192507267,5.108494992
5.618206052,626,5.642672954,5.303429127,5.592641471,5.528988838,5.618206052
5.191094192,627,5.201060166,5.256517887,5.116134352,5.433224678,5.191094192
5.772960302,628,5.606062947,6.805120468,6.319026058,6.879400253,5.772960302
4.895914118,629,4.899687989,4.92231369,4.866986947,4.957318306,4.895914118
5.76312482,630,5.758443909,5.497423649,5.876656613,5.814767361,5.76312482
5.085388349,631,5.050301941,5.402335644,5.166866801,5.365889549,5.085388349
5.608358139,632,5.587677773,5.742945671,5.673790914,4.391047955,5.608358139
5.057899544,633,5.099188765,4.902691841,4.88942627,4.628902435,5.057899544
5.47502771,634,5.466568932,5.539404392,5.498682183,4.946451187,5.47502771
5.066873539,635,5.000203983,5.538589001,5.265205899,5.750054359,5.066873539
6.110434887,636,6.119000425,6.075726032,6.0763216,6.639946938,6.110434887
5.642591007,637,5.590374166,5.691946983,5.904628709,5.472643852,5.642591007
5.549635909,638,5.504639773,5.948616505,5.656621651,5.297877312,5.549635909
5.077787284,639,5.058021028,5.190042973,5.145788795,5.018086433,5.077787284
5.462584568,640,5.488044577,5.390151024,5.350942329,5.175255775,5.462584568
6.020189515,641,6.058315795,5.905673027,5.85502156,5.557859898,6.020189515
5.470332695,642,5.457817228,5.569937706,5.503880142,6.697134495,5.470332695
7.129307049,643,7.13698404,7.214673042,7.059907727,8.285339355,8.285339355
5.711234214,644,5.695157261,5.544569492,5.852532871,5.526547909,5.711234214
5.100614284,645,5.099168467,4.952176094,5.157804668,5.03759861,5.100614284
6.412766652,646,6.335005812,6.628231525,6.755669544,6.394897461,6.412766652
5.06890855,647,5.069647676,4.86853981,5.131756104,4.56956768,5.06890855
5.285597472,648,5.298911519,5.285394192,5.214656981,5.778744221,5.285597472
5.805365342,649,5.739204256,5.795567989,6.161490173,5.99257803,5.805365342
5.64388652,650,5.622733597,6.372995377,5.51366582,5.980459213,5.64388652
5.867263182,651,5.86938293,5.940005779,5.831710328,5.038511276,5.867263182
5.236786845,652,5.238274983,5.465842247,5.152498226,5.253201962,5.236786845
5.834011008,653,5.786100554,5.955748081,6.048954443,5.303888798,5.834011008
5.526269901,654,5.504995366,5.336174488,5.703099263,5.413656712,5.526269901
6.061643575,655,6.090984689,5.979809761,5.93243557,6.780160427,6.061643575
5.693542206,656,5.735497144,5.445634365,5.552418366,5.22898674,5.693542206
5.807738255,657,5.796409455,5.944599628,5.822538099,6.689464569,5.807738255
6.625725825,658,6.672764343,6.790192127,6.320031626,8.253378868,8.253378868
5.049783898,659,5.00217774,5.098874569,5.287319847,5.059203625,5.049783898
5.388686524,660,5.353271447,5.447359085,5.558009417,5.824500561,5.388686524
6.152551139,661,6.129735288,6.308186531,6.222357173,5.797691822,6.152551139
6.199394508,662,6.198118284,6.502518654,6.105159652,6.148384571,6.199394508
6.573897742,663,6.569412806,6.561347008,6.602000898,6.013666153,6.573897742
6.066109532,664,6.08164221,6.252839088,5.92102544,5.89572525,6.066109532
4.813525651,665,4.73217839,5.007547379,5.182703682,5.18197298,4.813525651
5.643392271,666,5.600090337,5.556557178,5.90328095,5.581600666,5.643392271
5.510862582,667,5.488318628,5.456756592,5.649132215,5.955825806,5.510862582
5.273656682,668,5.251199724,5.487865448,5.322024082,5.255034924,5.273656682
5.757607436,669,5.758668725,5.470744133,5.847568248,6.206909657,5.757607436
5.295445799,670,5.340804251,5.031653881,5.141464579,4.936834812,5.295445799
5.845962344,671,5.859441612,5.81317234,5.785002876,5.408394814,5.845962344
4.857454588,672,4.847733265,5.017961979,4.855799219,4.8767066,4.857454588
5.214078855,673,5.21095895,5.375345707,5.176962652,4.882001877,5.214078855
5.347705424,674,5.352360142,5.196445942,5.373300005,4.714260101,5.347705424
5.690465969,675,5.645285203,5.831943989,5.884270595,5.567241192,5.690465969
5.974000322,676,6.030348059,5.656069756,5.779455796,5.368948936,5.974000322
4.933203948,677,4.94150861,5.059738159,4.846734347,4.870495796,4.933203948
5.362629818,678,5.393759131,5.406559944,5.181963322,5.169270992,5.362629818
5.111830978,679,5.136940291,4.958409786,5.029054983,5.08846426,5.111830978
5.548369918,680,5.536378039,5.525770187,5.619859854,5.499015331,5.548369918
5.594847937,681,5.570980681,5.569964886,5.730434205,5.173733711,5.594847937
6.306409046,682,6.122543081,6.510507584,7.218994721,7.622804642,6.306409046
6.265002034,683,6.298002566,6.407693386,6.041435331,6.548667431,6.265002034
5.930393987,684,5.893608886,6.424071312,5.962022125,5.503278255,5.930393987
5.319627066,685,5.332930759,5.314081192,5.250522621,5.197786331,5.319627066
5.023328384,686,4.982795403,5.152653217,5.196395922,4.999640465,5.023328384
5.974494716,687,6.005120456,5.683347702,5.908206479,5.627805233,5.974494716
5.313868549,688,5.305532065,5.342725754,5.348710611,4.786252499,5.313868549
5.732897171,689,5.739826466,5.836672783,5.661349057,5.894804478,5.732897171
5.431165033,690,5.453668476,5.275902748,5.362900767,5.824584484,5.431165033
5.713264462,691,5.720161865,5.691699982,5.683666472,5.602042198,5.713264462
5.17375617,692,5.128241271,5.243134499,5.393376193,4.32783699,5.17375617
5.882861568,693,5.88457367,6.172395706,5.777218897,6.258117676,5.882861568
6.094293802,694,6.029983165,6.86356163,6.180861175,6.434681416,6.094293802
5.150227652,695,5.117005565,5.353392124,5.259690544,5.446732998,5.150227652
5.080289635,696,5.08673332,4.915555954,5.100834524,4.282752037,5.080289635
5.080100362,697,5.094346391,5.154448509,4.979338746,4.628399849,5.080100362
4.990701451,698,4.963008056,5.160989761,5.081636786,4.957685947,4.990701451
6.196536608,699,6.110677611,6.617523193,6.514122317,7.232240677,6.196536608
5.72874724,700,5.710680926,5.5289464,5.891701156,5.47153759,5.72874724
5.742012316,701,5.770927605,5.513569832,5.663944978,5.391741276,5.742012316
5.657203045,702,5.643891737,5.600440025,5.74711773,5.857728958,5.657203045
5.674345252,703,5.686088874,5.75769186,5.583930398,5.254034996,5.674345252
4.930711625,704,4.943845249,5.025513649,4.829064912,5.118072033,4.930711625
4.885653272,705,4.85958848,5.152621269,4.935676165,4.798729897,4.885653272
5.704990505,706,5.679353638,5.670216084,5.853311937,5.472960949,5.704990505
5.238035429,707,5.255856512,5.265030384,5.133991372,5.43680048,5.238035429
5.775851835,708,5.741112306,5.770558357,5.962893701,5.624637604,5.775851835
5.562803948,709,5.536981262,5.864127636,5.600083633,5.142631531,5.562803948
4.632993178,710,4.537503868,5.177156925,4.96088158,4.996519566,4.632993178
7.210529721,711,7.123985359,8.117059708,7.369922872,11.5336647,11.5336647
6.281165698,712,6.374061526,5.861521244,5.925602729,6.322665691,6.281165698
5.28628895,713,5.217538768,5.420650959,5.608169294,5.271524906,5.28628895
6.212429351,714,6.193353902,6.589008808,6.18863847,6.021330357,6.212429351
5.028990158,715,5.00048415,5.24821043,5.107948773,5.524001122,5.028990158
5.033013477,716,5.042573714,5.461560249,4.839176541,5.147273064,5.033013477
5.211424485,717,5.220191086,5.133973122,5.190486323,5.164850235,5.211424485
5.888506725,718,5.782026076,6.752819538,6.168299284,6.219216347,5.888506725
5.547184704,719,5.613474884,5.255781174,5.290771507,5.086984158,5.547184704
5.048636444,720,5.069960487,4.705872059,5.049162949,4.075501919,5.048636444
5.071060046,721,5.015980002,5.31448698,5.283677888,5.152095795,5.071060046
4.986931388,722,4.994588652,5.023073673,4.934045263,4.53753376,4.986931388
4.874202504,723,4.860833658,5.056837082,4.884624783,5.035671711,4.874202504
5.293335949,724,5.326172252,5.266194344,5.127256199,4.972148895,5.293335949
5.526360342,725,5.560719876,5.540185928,5.33850089,6.181919575,5.526360342
5.312154167,726,5.317469022,5.240906715,5.307557302,5.174936295,5.312154167
4.821359579,727,4.797109262,4.873711586,4.933243875,4.493412971,4.821359579
5.854145505,728,5.834532941,5.902279854,5.942700947,6.366945744,5.854145505
5.678660374,729,5.687288991,5.422140598,5.718147556,5.346341133,5.678660374
6.280502717,730,6.2436202,6.967285633,6.248281754,6.667930603,6.280502717
5.194297787,731,5.175995199,5.191855431,5.292725702,4.393162727,5.194297787
5.743612737,732,5.723695607,5.594987869,5.899379056,4.874010086,5.743612737
4.792218124,733,4.760936823,4.882719517,4.928884598,4.92461586,4.792218124
5.944436147,734,6.008638056,6.092406273,5.55270251,5.699257374,5.944436147
5.711944343,735,5.702701434,5.913352013,5.694103848,5.604920387,5.711944343
6.040829168,736,5.892895013,6.648336887,6.627308636,6.927842617,6.040829168
6.601755247,737,6.576995762,7.220457077,6.527571849,7.665121078,6.601755247
5.381767546,738,5.35258938,5.468490601,5.508476707,5.789931297,5.381767546
5.793113963,739,5.812229851,5.420877457,5.815241437,5.580760956,5.793113963
5.303103482,740,5.286714135,5.344539165,5.3767014,6.354345798,5.303103482
6.193363458,741,6.212982183,5.986042976,6.157837003,6.041202545,6.193363458
5.979653948,742,5.979618189,6.091964245,5.942407896,5.623744011,5.979653948
5.020912318,743,5.001536865,5.127147675,5.088836164,4.976446152,5.020912318
5.318679157,744,5.320580793,5.413149834,5.277046749,5.214795589,5.318679157
5.622027535,745,5.61277631,5.839965343,5.598721462,5.358321667,5.622027535
5.872258334,746,5.903495369,5.864111423,5.708376331,5.556668282,5.872258334
5.725504659,747,5.767749552,5.519090652,5.569003153,5.1553545,5.725504659
5.952557024,748,6.006078214,5.56996727,5.794640475,5.555213928,5.952557024
5.680381863,749,5.696704816,5.525826931,5.644844466,5.908832073,5.680381863
5.72916509,750,5.687467139,5.8398633,5.914654715,5.745107174,5.72916509
6.595554108,751,6.598472735,7.367581367,6.322645563,6.765068531,6.595554108
5.864746414,752,5.837032835,5.570482731,6.110640103,5.690045834,5.864746414
5.953381918,753,5.925705127,5.946406841,6.103316536,5.887261868,5.953381918
5.254697433,754,5.240288247,5.205933571,5.34780108,5.721351147,5.254697433
6.048992931,755,6.024492964,5.790489674,6.265827095,5.776050568,6.048992931
4.868356137,756,4.858227677,4.925891399,4.903196152,4.358942986,4.868356137
5.104807304,757,5.12639109,5.254076481,4.939937303,4.847999573,5.104807304
5.086072371,758,5.117081437,5.008337975,4.946602109,4.889314175,5.086072371
6.397812102,759,6.443964008,6.156919003,6.231966303,6.891550541,6.397812102
6.3317706,760,6.453418374,6.331546783,5.683057035,5.600307941,6.3317706
5.437775444,761,5.406347512,5.288906574,5.655013995,5.633462906,5.437775444
5.729618908,762,5.737995162,5.662691116,5.707254857,5.407608032,5.729618908
6.106222382,763,6.079908613,5.988395214,6.285838202,5.640808105,6.106222382
5.458353264,764,5.491935795,5.205352783,5.363579883,5.549978733,5.458353264
5.14069787,765,5.05887874,5.060433865,5.60382127,5.706729889,5.14069787
4.939167088,766,4.923251487,4.920882702,5.03014503,4.831473351,4.939167088
4.948165352,767,4.981397703,4.615199566,4.881914746,4.576969147,4.948165352
5.31937986,768,5.21975093,5.253748894,5.872611144,6.341762066,5.31937986
5.003473077,769,5.01355543,4.814004421,5.012856687,4.270546436,5.003473077
5.006699447,770,5.0066995,5.260674953,4.922040667,6.146321774,5.006699447
4.795720188,771,4.751889142,4.944619179,4.979852748,4.328967094,4.795720188
5.075568603,772,5.059926147,5.164261818,5.129430552,5.087779045,5.075568603
5.508303679,773,5.500749404,5.497816086,5.552088971,6.112776756,5.508303679
5.071576772,774,5.104501565,4.829479694,4.97667688,5.018143177,5.071576772
5.272932669,775,5.285123512,5.220434189,5.225414372,5.337866783,5.272932669
5.153245233,776,5.120490033,5.508979321,5.209361527,5.515954018,5.153245233
5.903130917,777,5.975892281,5.136325836,5.77067196,5.790558338,5.903130917
6.029186975,778,6.022917306,6.045204639,6.057285867,6.010896683,6.029186975
5.756198719,779,5.802576371,5.562056541,5.573565182,5.500718594,5.756198719
5.270713621,780,5.280686307,5.08273983,5.280183771,5.426697254,5.270713621
5.116637238,781,5.115721937,5.004108429,5.159028404,5.051419258,5.116637238
5.561840222,782,5.539978947,5.602734089,5.6648024,5.449449062,5.561840222
5.444209089,783,5.419926592,5.592818737,5.524179151,5.46410656,5.444209089
5.975580425,784,5.982409788,6.328446865,5.821535014,6.264107704,5.975580425
5.545413362,785,5.574354648,5.265445709,5.484382387,5.936282158,5.545413362
5.847885816,786,5.851946038,6.024703026,5.767292109,6.072457314,5.847885816
5.609469502,787,5.646878672,5.860244751,5.326362221,5.990460396,5.609469502
6.225222554,788,6.258274042,6.285547733,6.028839599,6.588929653,6.225222554
5.673010406,789,5.67560982,5.474248409,5.725400825,6.072097778,5.673010406
4.94259833,790,4.926235423,4.913433075,5.039588879,4.973750114,4.94259833
5.552623889,791,5.599017424,5.076454639,5.46391471,5.419693947,5.552623889
6.021138609,792,5.94680731,6.406877518,6.288992526,6.141466141,6.021138609
5.701849424,793,5.654018663,5.627536774,5.9817177,5.648061752,5.701849424
5.132790703,794,5.095142115,5.726188183,5.135783934,5.281896591,5.132790703
6.114229639,795,6.165333881,5.477231503,6.054006312,5.998898983,6.114229639
5.34229199,796,5.387021564,5.16813755,5.161785741,5.3994627,5.34229199
5.873851657,797,5.899437238,5.734098911,5.783979397,5.927259922,5.873851657
5.243992273,798,5.228835656,5.124989986,5.364494873,4.55848074,5.243992273
5.283910224,799,5.310760623,5.286499023,5.139845081,5.172595978,5.283910224
5.242151962,800,5.290435506,4.634556293,5.187171555,4.376245499,5.242151962
5.860820525,801,5.904976283,5.307085991,5.809901287,5.324751854,5.860820525
5.162016163,802,5.069206472,5.172856331,5.65338775,4.655790329,5.162016163
7.029643214,803,7.053983605,7.484482765,6.748214491,6.78354454,7.029643214
5.987459792,804,5.998956264,5.931443214,5.944817351,6.045541763,5.987459792
5.164978035,805,5.16005263,5.183977127,5.184913708,5.144384384,5.164978035
6.190456348,806,6.090805178,6.193607807,6.720878688,6.095592499,6.190456348
5.764286066,807,5.727479594,5.52253437,6.04117119,5.310143948,5.764286066
5.68427694,808,5.72124996,5.390264511,5.585091681,5.342848778,5.68427694
6.107888767,809,6.100151994,6.220188141,6.111718434,5.686325073,6.107888767
6.122516228,810,6.086632928,6.537268162,6.175643185,5.746356487,6.122516228
5.502194123,811,5.520731481,5.147928238,5.521416719,5.000010014,5.502194123
5.740045368,812,5.684427648,6.019159317,5.943635144,6.010924339,5.740045368
5.666269011,813,5.623161285,5.739590645,5.871736375,5.205316067,5.666269011
6.484279606,814,6.417692039,6.519462585,6.827685678,6.665714741,6.484279606
5.749138259,815,5.842919708,5.262959003,5.411030281,5.730780602,5.749138259
5.310225696,816,5.276195658,5.165029049,5.540118073,4.980377197,5.310225696
5.006097287,817,4.986385541,5.123666763,5.072036657,5.019188881,5.006097287
5.488194329,818,5.514143996,5.26428318,5.424433075,5.256623268,5.488194329
4.637267263,819,4.59914203,4.879117489,4.759985058,4.885330677,4.637267263
5.95009421,820,5.974568087,5.609937668,5.932952302,5.398807049,5.95009421
5.20963661,821,5.233013856,5.232161045,5.077449739,5.297520638,5.20963661
5.142715562,822,5.122476451,5.231388092,5.221099935,4.777029514,5.142715562
5.89038995,823,5.93184541,5.350788116,5.849161399,5.12230587,5.89038995
5.606965915,824,5.656779737,5.689631939,5.31373674,5.969331264,5.606965915
5.268212533,825,5.260317576,5.379426956,5.273247455,5.492197037,5.268212533
5.507873267,826,5.535868616,5.149302483,5.478088335,5.353855133,5.507873267
5.555540405,827,5.614871596,5.417266369,5.28519869,4.912731647,5.555540405
5.199501961,828,5.152038481,5.420732498,5.37889701,5.620064735,5.199501961
5.605942032,829,5.531623048,5.787837505,5.941678127,7.104744434,5.605942032
6.057715469,830,5.982119358,5.648896694,6.59716765,5.881539345,6.057715469
5.062657368,831,5.139958435,4.336313248,4.892499695,4.040500641,5.062657368
5.610962679,832,5.620144475,5.533557415,5.587794818,5.817867279,5.610962679
5.967189318,833,6.015537772,5.620202541,5.824993192,5.823876858,5.967189318
5.537040418,834,5.569463335,5.345048428,5.428115561,5.266179562,5.537040418
5.356775784,835,5.408246252,5.093261719,5.170104683,5.670634747,5.356775784
5.613212479,836,5.600621174,5.322299957,5.777336869,5.494130611,5.613212479
7.949449379,837,8.036548518,8.258231163,7.381993339,9.129683495,9.129683495
6.676755445,838,6.641865414,7.144374847,6.706962477,7.944085598,6.676755445
5.214924086,839,5.152330882,5.631152153,5.410011736,4.939531326,5.214924086
5.865969195,840,5.85188176,6.21594286,5.824444211,6.124958038,5.865969195
4.826209647,841,4.727701002,5.271011353,5.203321769,5.143977642,4.826209647
6.504541645,842,6.516463529,6.984007835,6.281136158,6.531213284,6.504541645
5.597402433,843,5.604387754,5.800312519,5.492510611,5.960711002,5.597402433
6.090270209,844,5.996333977,6.805958271,6.352700802,6.728439331,6.090270209
5.350975589,845,5.36772519,5.193343639,5.314188325,5.349028111,5.350975589
5.198417393,846,5.15240799,4.965767384,5.521350816,4.67735672,5.198417393
6.037344745,847,5.964980964,6.858340263,6.149619659,6.846199036,6.037344745
5.268337339,848,5.221406726,5.490121841,5.44470577,5.382071495,5.268337339
5.37736424,849,5.394810696,5.163374901,5.355646174,5.259291172,5.37736424
5.225922508,850,5.208737635,5.288219929,5.296809313,5.462899685,5.225922508
5.0459699,851,5.05224062,4.851670742,5.077292405,4.685475826,5.0459699
5.276453327,852,5.279503623,5.394445896,5.220854104,4.803724289,5.276453327
5.43388749,853,5.469426096,5.174208641,5.330907796,5.229605198,5.43388749
5.530304819,854,5.560545477,5.057697296,5.526557146,6.081540108,5.530304819
6.108652326,855,6.197597067,5.917745113,5.697916069,5.575819969,6.108652326
6.18638388,856,6.195243004,5.988781929,6.205002497,6.466534615,6.18638388
5.252670407,857,5.21466776,5.452188969,5.388845048,5.938755989,5.252670407
4.878819139,858,4.864242169,4.851858139,4.965549918,4.530777454,4.878819139
6.986456225,859,7.075181833,6.620313644,6.63530055,5.947769165,6.986456225
6.041984671,860,6.028149384,5.930409908,6.152964415,7.966073513,6.041984671
7.010241355,861,7.08985902,5.677837372,7.029748352,6.207447052,7.010241355
5.094599045,862,5.06214639,5.08028698,5.2724506,5.426756859,5.094599045
5.427764105,863,5.457538514,5.361450672,5.291071655,5.710800648,5.427764105
5.472963192,864,5.461301612,5.564125538,5.504770757,5.331564426,5.472963192
5.441863962,865,5.458615131,5.38477087,5.371555305,5.434602737,5.441863962
5.060636986,866,5.027631805,5.123781681,5.21561643,5.272195816,5.060636986
4.978618505,867,4.929941742,5.13898325,5.18477303,4.965072632,4.978618505
5.685473179,868,5.705537332,5.640990257,5.593292042,5.526515007,5.685473179
5.216846549,869,5.236097107,5.108324051,5.150350991,5.019330502,5.216846549
5.69025097,870,5.706357961,5.764870644,5.579473793,5.850247383,5.69025097
5.751477844,871,5.755749237,5.638212681,5.766452173,5.495750904,5.751477844
5.350678384,872,5.359791074,5.489845276,5.255688407,5.444047928,5.350678384
6.025726871,873,5.982508858,5.857903004,6.312164107,6.004005432,6.025726871
6.155489878,874,6.047723569,6.494053364,6.617388951,6.769201279,6.155489878
5.318652494,875,5.32415268,5.032207012,5.384799879,5.066080093,5.318652494
6.007712222,876,5.947955657,6.754147053,6.077602173,6.314004421,6.007712222
5.680222351,877,5.71912519,5.235733032,5.620903529,5.362914085,5.680222351
5.412106501,878,5.379981508,5.577393055,5.528344239,6.063313484,5.412106501
5.366454716,879,5.38002352,5.465598106,5.261039965,4.905887604,5.366454716
5.064824709,880,5.048832728,5.262084007,5.084362173,4.924233437,5.064824709
5.759756672,881,5.774976721,5.697275162,5.699410172,5.398321629,5.759756672
5.255429895,882,5.214734962,5.504574299,5.389421445,5.558623314,5.255429895
5.383299691,883,5.387236769,5.472192764,5.33267092,5.410809994,5.383299691
5.31874126,884,5.327773847,5.211950302,5.306164371,4.983252048,5.31874126
5.604737802,885,5.582667745,5.585538864,5.728844459,5.167593002,5.604737802
6.30960849,886,6.210124314,7.393680573,6.478833321,6.678862572,6.30960849
5.09205709,887,5.079518142,5.301132202,5.089239775,5.024065495,5.09205709
5.741507796,888,5.64594952,6.189619541,6.101781233,6.19474411,5.741507796
5.567566741,889,5.587133005,5.333739758,5.541155542,5.827773094,5.567566741
5.650753463,890,5.616523987,5.513233662,5.879150642,5.48633337,5.650753463
5.593646843,891,5.579890661,5.65934515,5.645113633,5.215839863,5.593646843
5.281890784,892,5.306386933,5.23943615,5.165396243,5.470378399,5.281890784
4.958580133,893,4.920899184,4.973318577,5.154632377,5.190980911,4.958580133
5.111265421,894,5.134924992,5.113769531,4.984246258,6.394119263,5.111265421
5.461580382,895,5.441430681,5.463147163,5.568523198,5.53130722,5.461580382
5.884521133,896,5.845397987,5.819087505,6.11498908,5.785262585,5.884521133
6.065161311,897,5.964614365,5.980481148,6.62963829,5.875756741,6.065161311
5.761647109,898,5.760842596,5.559193134,5.833422385,5.636127949,5.761647109
5.391327572,899,5.417252026,5.374300957,5.258739318,4.964003086,5.391327572
5.751168661,900,5.763445708,5.817284584,5.663652436,5.664744854,5.751168661
5.248765318,901,5.239103471,5.268735886,5.293638312,4.502790451,5.248765318
5.621004577,902,5.638098726,5.265310764,5.648400308,5.664034367,5.621004577
5.598432723,903,5.577372242,5.621639252,5.703019701,5.32209301,5.598432723
4.904986636,904,4.864196315,5.211935997,5.020218482,4.939295292,4.904986636
5.916225414,905,5.82634579,6.113382339,6.329864353,7.32391119,5.916225414
6.376437433,906,6.333347333,6.520887852,6.558101038,8.158727646,8.158727646
5.567294021,907,5.584394795,5.260299683,5.578421224,5.307504654,5.567294021
5.473712755,908,5.466749452,5.691471577,5.438264059,5.531821251,5.473712755
5.211620612,909,5.206630471,5.239623547,5.228900303,5.101250172,5.211620612
5.305752542,910,5.295445401,5.156377792,5.410515425,5.591602325,5.305752542
5.969190085,911,5.99983896,5.91763401,5.822914658,6.191880703,5.969190085
5.516749584,912,5.540746812,5.288212776,5.464943262,5.574710369,5.516749584
5.959877633,913,6.024746104,6.274412632,5.509067375,6.822036266,5.959877633
5.015831014,914,4.999670229,4.96679163,5.118368348,5.194581032,5.015831014
5.56812045,915,5.548885906,5.599612713,5.660207305,5.464734077,5.56812045
5.699033478,916,5.691398231,5.996405602,5.640630793,5.065679073,5.699033478
5.351105822,917,5.390288512,4.945083141,5.277472328,4.945703983,5.351105822
5.561104614,918,5.582161709,5.446568966,5.48697854,5.924192429,5.561104614
5.612007029,919,5.596450647,5.58876276,5.702722489,5.805053234,5.612007029
6.4148641,920,6.393765829,6.485519886,6.503836241,6.706700325,6.4148641
5.537460973,921,5.576087698,5.611774921,5.306680455,5.488393307,5.537460973
4.998992252,922,4.990496545,5.129007816,5.000964207,4.850661278,4.998992252
5.246995563,923,5.249059921,5.235252857,5.239899849,4.644686222,5.246995563
5.367858216,924,5.372716255,5.305517673,5.362728774,5.070744038,5.367858216
5.562001584,925,5.608103342,5.50872612,5.333883988,5.503497124,5.562001584
5.954536434,926,6.024845966,5.700744152,5.664149611,5.345464706,5.954536434
5.408473304,927,5.419345086,5.538431168,5.307171096,5.415949345,5.408473304
5.89822989,928,5.94055204,5.903964043,5.670600371,6.783993721,5.89822989
7.084294664,929,7.00861615,7.216038704,7.443998729,8.539502144,8.539502144
5.457399333,930,5.480334971,5.310346127,5.38409355,4.949259758,5.457399333
5.753168454,931,5.766148364,5.583804607,5.740396805,5.446648121,5.753168454
5.606208389,932,5.614144729,5.402582169,5.63175661,5.662888527,5.606208389
5.40372708,933,5.37328906,5.688790321,5.471041991,4.860620975,5.40372708
5.14634758,934,5.155416458,5.032529354,5.135919678,5.060411453,5.14634758
4.986362891,935,5.015358811,4.840779305,4.880245847,4.377504349,4.986362891
6.22035925,936,6.254940291,6.049567223,6.092857626,6.370423317,6.22035925
5.261604232,937,5.294309608,5.159526825,5.121201282,5.151270866,5.261604232
6.022798636,938,6.044653659,6.061216831,5.893432325,6.423927784,6.022798636
5.973993617,939,6.005055741,5.675274372,5.907901918,5.566553593,5.973993617
5.213853128,940,5.181220142,6.072523117,5.101672433,6.26786375,5.213853128
5.369575749,941,5.374510464,5.243017197,5.385443495,5.401334286,5.369575749
5.995105162,942,6.013259009,5.768105984,5.973951037,5.464490891,5.995105162
9.503603212,943,9.186709341,12.58950138,10.16507121,11.50117779,11.50117779
5.695368261,944,5.695814172,5.681981087,5.697452341,5.886200905,5.695368261
7.299817412,945,7.130460467,7.620280266,8.096233462,7.880222797,7.299817412
6.37510337,946,6.185935091,6.771722317,7.2517945,6.842513084,6.37510337
6.021976642,947,5.963449718,5.618480206,6.468618965,5.379381657,6.021976642
5.844619183,948,5.904408008,5.507797718,5.638019312,5.28348732,5.844619183
5.853066963,949,5.727351434,5.496650696,6.642355125,5.39156723,5.853066963
5.632823914,950,5.667751321,5.295939445,5.558839229,5.311574936,5.632823914
4.91792577,951,4.910841058,4.981925488,4.934377661,4.782642841,4.91792577
6.069426248,952,6.110312958,6.038221836,5.86176531,6.109031677,6.069426248
8.665441295,953,8.24822988,11.16687202,10.05675868,16.39567184,16.39567184
5.177683215,954,5.159017127,5.336621761,5.224256088,5.258135319,5.177683215
6.596169525,955,6.476617297,7.084608078,7.070968556,7.391270638,6.596169525
5.496932759,956,5.522431821,5.285123825,5.431540622,4.9267869,5.496932759
4.964209538,957,4.971446452,4.829289913,4.970585874,4.568527222,4.964209538
5.46923572,958,5.470875702,5.392897129,5.485935345,5.113061905,5.46923572
5.29876278,959,5.33514285,5.122829437,5.163380113,5.107649326,5.29876278
5.816114179,960,5.908901422,5.149859428,5.54333368,5.736535072,5.816114179
5.012453408,961,5.003790462,5.120810509,5.022536637,4.789233208,5.012453408
5.034313054,962,5.022821397,4.995596409,5.108507443,4.681737423,5.034313054
4.902949149,963,4.87938053,4.980872631,5.002673976,5.068242073,4.902949149
5.072869251,964,5.06273911,5.168479919,5.095026332,5.208147049,5.072869251
5.804641654,965,5.77024064,6.124392509,5.881530028,6.264297485,5.804641654
8.439343837,966,8.620596854,8.347942352,7.503128277,7.582494259,8.439343837
6.18876388,967,6.00927267,6.734805584,6.964036394,7.218604565,6.18876388
6.764923586,968,6.812860692,6.754058361,6.512880684,7.312682629,6.764923586
6.042674596,969,6.056938057,5.976681232,5.988600632,5.764980793,6.042674596
5.55810526,970,5.542803195,5.535532951,5.647240414,5.453868389,5.55810526
5.455118148,971,5.457835523,5.279867172,5.499042513,4.674117565,5.455118148
5.963229493,972,6.029554514,5.655703545,5.712004695,4.945301533,5.963229493
6.098128447,973,5.988519036,6.316364288,6.609966651,5.89537859,6.098128447
7.289488243,974,7.448146138,7.171392441,6.482678069,6.71978569,7.289488243
5.806553605,975,5.770004011,5.617513657,6.064498092,4.940892696,5.806553605
5.96997596,976,6.062293726,5.581250668,5.607189598,5.652135372,5.96997596
5.453080898,977,5.471575314,5.369241238,5.382390571,5.228038311,5.453080898
5.485145202,978,5.485872301,5.414041996,5.50496845,5.517689228,5.485145202
5.273801904,979,5.21666272,5.480098248,5.509778811,5.452149391,5.273801904
5.198616391,980,5.215162656,5.18143034,5.116098248,5.0166502,5.198616391
4.911348114,981,4.896027482,5.010308743,4.960071315,4.728629589,4.911348114
5.038228405,982,4.985353895,5.010902882,5.329334298,4.957801342,5.038228405
6.725849639,983,6.545184149,7.888804436,7.30174724,7.886174202,6.725849639
5.530766906,984,5.560544909,5.283857822,5.454253797,5.123574257,5.530766906
6.242944513,985,6.216359607,6.477004528,6.306710553,5.211593151,6.242944513
6.499823963,986,6.477794444,6.581776619,6.589997139,6.814572811,6.499823963
5.867455753,987,5.774225931,6.266970158,6.231510045,6.004921913,5.867455753
7.082011974,988,7.130859137,7.107427597,6.813021857,7.650278568,7.082011974
5.623502673,989,5.628318622,5.251252174,5.721901149,5.453364849,5.623502673
5.576658134,990,5.593134945,5.430684566,5.537439623,5.869412422,5.576658134
5.841016798,991,5.849332752,5.816146851,5.804955064,5.928254604,5.841016798
5.473092114,992,5.455593976,5.260653973,5.637228189,5.324144363,5.473092114
5.342436649,993,5.290478479,5.398133278,5.600981309,4.785660267,5.342436649
4.900043319,994,4.926354958,4.722692966,4.818831362,4.611584663,4.900043319
6.120042477,995,6.10126696,6.249192238,6.17712861,6.052737713,6.120042477
5.071739045,996,5.092944766,4.966552734,4.993703931,4.88350296,5.071739045
5.92442565,997,5.931135164,5.825884342,5.921488674,5.397539616,5.92442565
5.833693378,998,5.657669402,6.244677544,6.635493074,6.185019016,5.833693378
6.824069657,999,6.772546111,6.951358318,7.05643235,6.832801819,6.824069657
5.735755219,1000,5.743591016,5.67416048,5.7144958,5.609873772,5.735755219
5.36084143,1001,5.332854622,5.347794533,5.514453251,5.143288612,5.36084143
6.038854483,1002,6.057663279,5.89191246,5.987521539,5.884626865,6.038854483
5.968395427,1003,5.850257626,5.681272984,6.694171059,6.001631737,5.968395427
6.240443654,1004,6.227415126,6.000806808,6.389808122,5.810168743,6.240443654
5.88862588,1005,5.920325677,5.73133564,5.771990296,5.430613518,5.88862588
5.332552371,1006,5.320562193,5.18413353,5.4459729,5.679447174,5.332552371
5.434463991,1007,5.45141048,5.439407349,5.342434971,5.186151505,5.434463991
6.19164782,1008,6.247821875,6.128355503,5.91315018,5.699482441,6.19164782
6.585882277,1009,6.466203316,7.686785698,6.857202141,7.639908314,6.585882277
5.452976647,1010,5.41767498,5.967319012,5.469804751,5.643454075,5.452976647
6.124448743,1011,6.123070175,5.997876167,6.173991844,5.908321381,6.124448743
7.191842186,1012,7.064454768,7.375549316,7.810005916,8.617069244,8.617069244
4.949267072,1013,4.926503725,5.042984486,5.039432456,4.610611916,4.949267072
5.583475324,1014,5.577850024,5.711995125,5.570636909,5.342281818,5.583475324
