Predict,Id,stack,xgb,lgb,Predict,xgb,Predict
6.243377187,1,6.309307178,5.858131886,6.020165549,6.243377187,5.858131886,6.243377187
6.395775641,2,6.516129466,5.664942265,5.997499696,6.395775641,5.664942265,6.395775641
5.236094704,3,5.241122843,5.048267365,5.271887118,5.236094704,5.048267365,5.236094704
6.486684122,4,6.492695896,6.815131664,6.345138732,6.486684122,6.815131664,6.486684122
5.324779796,5,5.301038435,5.934675217,5.248101875,5.324779796,5.934675217,5.324779796
5.210674961,6,5.161512562,5.250238419,5.459686488,5.210674961,5.250238419,5.210674961
4.942545917,7,4.867184483,5.260735989,5.238410088,4.942545917,5.260735989,4.942545917
5.258572583,8,5.260002159,5.157014847,5.284800793,5.258572583,5.157014847,5.258572583
5.86855031,9,5.875974709,5.894954681,5.820152015,5.86855031,5.894954681,5.86855031
6.096822858,10,6.084951409,5.728768826,6.282821972,6.096822858,5.728768826,6.096822858
4.728736959,11,4.708207173,4.666715145,4.858903047,4.728736959,4.666715145,4.728736959
5.652889491,12,5.66903257,5.488571167,5.621565726,5.652889491,5.488571167,5.652889491
5.986348434,13,5.949521472,5.857526779,6.225699493,5.986348434,5.857526779,5.986348434
6.170641097,14,6.164784694,6.217814922,6.186150518,6.170641097,6.217814922,6.170641097
6.934360195,15,6.950276903,6.133183002,7.11653007,6.934360195,6.133183002,6.934360195
4.624386778,16,4.546283086,4.91174984,4.945152074,4.624386778,4.91174984,4.624386778
5.553826333,17,5.549689393,5.602480888,5.559671872,5.553826333,5.602480888,5.553826333
5.848394774,18,5.823927658,5.512933254,6.090706605,5.848394774,5.512933254,5.848394774
4.833528258,19,4.812482693,4.851804733,4.939679136,4.833528258,4.851804733,4.833528258
6.190995366,20,5.815482056,8.552811623,7.406460896,6.190995366,8.552811623,8.552811623
4.749689355,21,4.734858917,4.76219511,4.824616457,4.749689355,4.76219511,4.749689355
5.627289276,22,5.643318993,5.620846272,5.543945161,5.627289276,5.620846272,5.627289276
6.651278422,23,6.706987766,6.706527233,6.335745575,6.651278422,6.706527233,6.651278422
6.245093196,24,6.250590261,6.170141697,6.24075935,6.245093196,6.170141697,6.245093196
5.633805916,25,5.574368672,6.123486996,5.787577405,5.633805916,6.123486996,5.633805916
5.426909167,26,5.470152725,5.18407774,5.277220706,5.426909167,5.18407774,5.426909167
5.193737414,27,5.191175289,5.259020805,5.185640913,5.193737414,5.259020805,5.193737414
5.693347109,28,5.608289144,6.349698067,5.928205859,5.693347109,6.349698067,5.693347109
5.91401565,29,5.968787416,5.746812344,5.677634042,5.91401565,5.746812344,5.91401565
5.50040268,30,5.542489661,5.366946697,5.320423988,5.50040268,5.366946697,5.50040268
5.328389665,31,5.318360439,5.087843418,5.462060909,5.328389665,5.087843418,5.328389665
6.277958375,32,6.220212618,6.373178005,6.55419575,6.277958375,6.373178005,6.277958375
5.218202277,33,5.178685702,5.275621414,5.409817633,5.218202277,5.275621414,5.218202277
8.32002515,34,8.266175721,8.12332058,8.672790179,8.32002515,8.12332058,8.32002515
5.801583991,35,5.803496855,5.975139141,5.733530333,5.801583991,5.975139141,5.801583991
5.0841079,36,5.074658919,5.175308228,5.104102234,5.0841079,5.175308228,5.0841079
5.357412538,37,5.340089381,5.424689293,5.427377007,5.357412538,5.424689293,5.357412538
4.938411081,38,4.901103984,5.124243259,5.075438124,4.938411081,5.124243259,4.938411081
5.614741054,39,5.588079605,5.249192715,5.878784895,5.614741054,5.249192715,5.614741054
5.665132547,40,5.669993165,6.052874088,5.509961988,5.665132547,6.052874088,5.665132547
6.478628229,41,6.510255712,7.508089066,5.966794746,6.478628229,7.508089066,6.478628229
6.000665561,42,6.004509531,5.990557671,5.983533686,6.000665561,5.990557671,6.000665561
5.185451663,43,5.15386938,5.465816498,5.260435441,5.185451663,5.465816498,5.185451663
5.721542842,44,5.753889201,5.651478767,5.57238362,5.721542842,5.651478767,5.721542842
6.12460798,45,6.020833315,6.242222786,6.638867923,6.12460798,6.242222786,6.12460798
6.666415465,46,6.673145577,6.114815235,6.8143882,6.666415465,6.114815235,6.666415465
5.668030082,47,5.585265671,5.586562157,6.136596252,5.668030082,5.586562157,5.668030082
5.410703118,48,5.401212132,5.176887989,5.539260049,5.410703118,5.176887989,5.410703118
4.812790898,49,4.770117738,4.982637882,4.983765358,4.812790898,4.982637882,4.812790898
5.494145041,50,5.512792677,5.470081329,5.402712138,5.494145041,5.470081329,5.494145041
4.794775548,51,4.778175609,4.973046303,4.823884914,4.794775548,4.973046303,4.794775548
4.962416788,52,4.906718587,5.156180859,5.194885836,4.962416788,5.156180859,4.962416788
4.787311528,53,4.748546444,4.57250309,5.065661397,4.787311528,4.57250309,4.787311528
4.881311701,54,4.859320717,4.801311016,5.025263781,4.881311701,4.801311016,4.881311701
4.716499686,55,4.647915573,5.092746258,4.956865978,4.716499686,5.092746258,4.716499686
4.65938259,56,4.618445574,4.830239773,4.820760969,4.65938259,4.830239773,4.65938259
5.129713234,57,5.120141067,5.025043011,5.215654908,5.129713234,5.025043011,5.129713234
4.86408239,58,4.80560535,4.916211605,5.158583513,4.86408239,4.916211605,4.86408239
4.827609617,59,4.789953931,4.892483234,5.006815367,4.827609617,4.892483234,4.827609617
5.285185726,60,5.278731092,5.360574722,5.294480777,5.285185726,5.360574722,5.285185726
5.411036008,61,5.427798579,5.599921703,5.258673651,5.411036008,5.599921703,5.411036008
5.368182041,62,5.332914706,5.647423744,5.463193889,5.368182041,5.647423744,5.368182041
7.179205585,63,7.252767688,5.891256332,7.216190788,7.179205585,5.891256332,7.179205585
5.339023502,64,5.209534996,5.504720211,5.974396626,5.339023502,5.504720211,5.339023502
5.039646819,65,5.069619852,5.08439064,4.864876034,5.039646819,5.08439064,5.039646819
5.035131449,66,5.010202558,5.016829014,5.174186231,5.035131449,5.016829014,5.035131449
5.040824322,67,5.019423274,5.186165333,5.106516162,5.040824322,5.186165333,5.040824322
4.777090974,68,4.726524862,5.051046371,4.955458358,4.777090974,5.051046371,4.777090974
6.352554905,69,6.175438226,6.242384434,7.333900721,6.352554905,6.242384434,6.352554905
5.935783112,70,5.971821989,5.562926769,5.8678611,5.935783112,5.562926769,5.935783112
6.774625792,71,6.683879659,7.001538277,7.182967671,6.774625792,7.001538277,6.774625792
6.157025494,72,6.064851521,6.453964233,6.549640478,6.157025494,6.453964233,6.157025494
6.059279394,73,6.161922952,5.564650536,5.676723254,6.059279394,5.564650536,6.059279394
5.336400041,74,5.296788793,5.429134846,5.516748385,5.336400041,5.429134846,5.336400041
6.334130544,75,6.268117372,6.62913084,6.587867364,6.334130544,6.62913084,6.334130544
5.429036297,76,5.459812554,5.160830975,5.354297956,5.429036297,5.160830975,5.429036297
6.043236771,77,5.982688075,6.288257122,6.28448966,6.043236771,6.288257122,6.043236771
5.782105287,78,5.739330447,6.030012608,5.927601873,5.782105287,6.030012608,5.782105287
7.148343649,79,7.144534532,7.990478992,6.887947198,7.148343649,7.990478992,7.148343649
6.328754135,80,6.257812378,6.655711651,6.598124374,6.328754135,6.655711651,6.328754135
6.8384065,81,6.835558581,6.864892006,6.844766819,6.8384065,6.864892006,6.8384065
5.20907072,82,5.202488874,5.149359226,5.264077771,5.20907072,5.149359226,5.20907072
5.39036345,83,5.357806642,5.587131023,5.498410447,5.39036345,5.587131023,5.39036345
5.792616275,84,5.672433857,6.459292412,6.211363673,5.792616275,6.459292412,5.792616275
5.886485144,85,5.926672602,5.970158577,5.644260888,5.886485144,5.970158577,5.886485144
5.903197814,86,5.930367732,5.800321102,5.792583821,5.903197814,5.800321102,5.903197814
5.942993078,87,6.013483613,6.131504536,5.504206327,5.942993078,6.131504536,5.942993078
5.658281468,88,5.6344902,5.630365372,5.79447352,5.658281468,5.630365372,5.658281468
5.669189186,89,5.697450672,5.550208092,5.558121625,5.669189186,5.550208092,5.669189186
5.552676279,90,5.519988213,5.753797054,5.659972291,5.552676279,5.753797054,5.552676279
6.771739773,91,6.66783989,6.779542923,7.323271349,6.771739773,6.779542923,6.771739773
6.799041972,92,6.847225275,6.847065449,6.526056453,6.799041972,6.847065449,6.799041972
6.449554143,93,6.515113831,6.425450325,6.107937042,6.449554143,6.425450325,6.449554143
5.731731885,94,5.79852434,6.108750343,5.249832518,5.731731885,6.108750343,5.731731885
5.888646936,95,5.903493143,5.638804436,5.892747994,5.888646936,5.638804436,5.888646936
5.702304639,96,5.636754792,6.241195679,5.87227344,5.702304639,6.241195679,5.702304639
5.73066384,97,5.659034025,5.995051861,6.024560179,5.73066384,5.995051861,5.73066384
6.002174879,98,6.006447161,6.147080898,5.931087248,6.002174879,6.147080898,6.002174879
6.333330942,99,6.357073263,6.341388702,6.204019274,6.333330942,6.341388702,6.333330942
5.499550309,100,5.526602012,5.149217606,5.472052045,5.499550309,5.149217606,5.499550309
5.972995141,101,5.837150847,6.540494442,6.508331566,5.972995141,6.540494442,5.972995141
5.502865108,102,5.531134464,5.617497444,5.313884389,5.502865108,5.617497444,5.502865108
7.253321399,103,7.200095001,7.78728199,7.359208699,7.253321399,7.78728199,7.253321399
6.150752595,104,6.076991626,5.982869148,6.600105537,6.150752595,5.982869148,6.150752595
6.092652511,105,6.100910102,5.831944942,6.135514545,6.092652511,5.831944942,6.092652511
5.809733519,106,5.816147274,5.167403221,5.989636924,5.809733519,5.167403221,5.809733519
5.756792705,107,5.735681732,5.62796402,5.912327419,5.756792705,5.62796402,5.756792705
5.304567854,108,5.351723044,4.927816868,5.178657131,5.304567854,4.927816868,5.304567854
5.622300428,109,5.593189012,5.65435648,5.766875966,5.622300428,5.65435648,5.622300428
7.029445251,110,7.088099735,6.002859116,7.058816595,7.029445251,6.002859116,7.029445251
6.394544567,111,6.406249356,6.263631344,6.375756685,6.394544567,6.263631344,6.394544567
6.152918265,112,6.15995055,6.697685719,5.933823593,6.152918265,6.697685719,6.152918265
5.909839119,113,5.966377409,5.455821991,5.759640499,5.909839119,5.455821991,5.909839119
6.177648399,114,6.197553655,6.055804729,6.112101473,6.177648399,6.055804729,6.177648399
6.671563465,115,6.753446175,6.371668816,6.334820441,6.671563465,6.371668816,6.671563465
5.039543767,116,5.020265023,5.078022957,5.129537296,5.039543767,5.078022957,5.039543767
5.620445454,117,5.515504222,6.589705467,5.857045395,5.620445454,6.589705467,5.620445454
6.138121154,118,6.112486607,6.071891308,6.296915388,6.138121154,6.071891308,6.138121154
5.570715192,119,5.638278656,5.429310322,5.257511715,5.570715192,5.429310322,5.570715192
5.026747497,120,5.042199784,5.027068138,4.944228381,5.026747497,5.027068138,5.026747497
6.871872991,121,6.926656065,6.555479527,6.685161004,6.871872991,6.555479527,6.871872991
5.176161112,122,5.198662695,5.08782959,5.085596431,5.176161112,5.08782959,5.176161112
5.149897444,123,5.135064934,5.228869915,5.202680008,5.149897444,5.228869915,5.149897444
5.975533995,124,6.025641943,5.349102497,5.917102064,5.975533995,5.349102497,5.975533995
5.338648498,125,5.327526684,5.253040791,5.426500737,5.338648498,5.253040791,5.338648498
6.363797472,126,6.427266733,5.478545666,6.320378559,6.363797472,5.478545666,6.363797472
5.144066404,127,5.163722696,5.284672737,4.992363991,5.144066404,5.284672737,5.144066404
4.873726257,128,4.842606543,4.992171764,5.000216211,4.873726257,4.992171764,4.873726257
6.458176139,129,6.403835621,6.293950081,6.802734254,6.458176139,6.293950081,6.458176139
5.50871369,130,5.537158125,5.383464336,5.398759699,5.50871369,5.383464336,5.50871369
6.301001556,131,6.315307595,6.494483471,6.160208748,6.301001556,6.494483471,6.301001556
6.542777786,132,6.53220892,7.062723637,6.425829787,6.542777786,7.062723637,6.542777786
6.323097938,133,6.291883569,6.21225214,6.52652309,6.323097938,6.21225214,6.323097938
5.909622897,134,5.968836241,5.228243828,5.820944676,5.909622897,5.228243828,5.909622897
5.339515395,135,5.379617375,4.997946739,5.239494325,5.339515395,4.997946739,5.339515395
6.402023276,136,6.401973798,6.587501049,6.340461195,6.402023276,6.587501049,6.402023276
5.591550218,137,5.531314182,6.726034641,5.534647527,5.591550218,6.726034641,5.591550218
5.771280325,138,5.869346156,5.125459194,5.463536196,5.771280325,5.125459194,5.771280325
5.664757104,139,5.666201999,5.558831215,5.69235967,5.664757104,5.558831215,5.664757104
5.906168201,140,5.941742561,5.613836765,5.813882135,5.906168201,5.613836765,5.906168201
5.295455307,141,5.32432933,5.189426899,5.176803245,5.295455307,5.189426899,5.295455307
5.863791583,142,5.806305092,6.56082058,5.938043085,5.863791583,6.56082058,5.863791583
6.628980832,143,6.700068096,6.809984684,6.189514025,6.628980832,6.809984684,6.628980832
6.119819728,144,6.058629341,6.699127197,6.253065848,6.119819728,6.699127197,6.119819728
7.28606205,145,7.232886529,7.292284489,7.567590724,7.28606205,7.292284489,7.28606205
5.092458229,146,4.995552156,5.539378643,5.460317189,5.092458229,5.539378643,5.092458229
7.077237411,147,7.149949601,5.787973404,7.11919373,7.077237411,5.787973404,7.077237411
5.75382761,148,5.589507094,6.093111992,6.517108823,5.75382761,6.093111992,5.75382761
5.907883659,149,5.830239334,6.104927063,6.256305587,5.907883659,6.104927063,5.907883659
4.972239448,150,4.900674317,5.584974289,5.149675202,4.972239448,5.584974289,4.972239448
5.029854312,151,4.978544819,5.45612669,5.161414072,5.029854312,5.45612669,5.029854312
6.260223404,152,6.269194617,6.722581863,6.058257403,6.260223404,6.722581863,6.260223404
5.918165553,153,6.019814919,5.483393669,5.520959566,5.918165553,5.483393669,5.918165553
7.323028538,154,7.243241462,7.831374645,7.579110785,7.323028538,7.831374645,7.323028538
5.253710965,155,5.252254765,5.232862473,5.268426742,5.253710965,5.232862473,5.253710965
6.142199699,156,6.0623964,6.37918663,6.488821689,6.142199699,6.37918663,6.142199699
6.134181483,157,6.127124581,6.274703026,6.124977741,6.134181483,6.274703026,6.134181483
6.896043959,158,6.950997432,6.591780663,6.70437983,6.896043959,6.591780663,6.896043959
5.793440046,159,5.804170214,5.906794071,5.698427809,5.793440046,5.906794071,5.793440046
5.869324323,160,5.891269423,5.528120995,5.866018233,5.869324323,5.528120995,5.869324323
5.308744075,161,5.25104963,5.410029888,5.582685847,5.308744075,5.410029888,5.308744075
5.876404039,162,5.933596935,5.486228466,5.701433786,5.876404039,5.486228466,5.876404039
6.392153756,163,6.395320156,6.011460781,6.502163869,6.392153756,6.011460781,6.392153756
5.254364482,164,5.245970897,5.154026985,5.332575984,5.254364482,5.154026985,5.254364482
4.992675362,165,4.981689281,5.089839458,5.018879684,4.992675362,5.089839458,4.992675362
6.404662592,166,6.455581461,6.39511919,6.136276344,6.404662592,6.39511919,6.404662592
5.354000522,167,5.38703925,5.342802525,5.181526676,5.354000522,5.342802525,5.354000522
6.531107543,168,6.466811373,7.415103436,6.579355196,6.531107543,7.415103436,6.531107543
6.809879993,169,6.7656878,7.493069172,6.817841959,6.809879993,7.493069172,6.809879993
7.026041562,170,6.996145103,7.042172432,7.180112348,7.026041562,7.042172432,7.026041562
5.678669329,171,5.650478175,5.635956287,5.843259751,5.678669329,5.635956287,5.678669329
5.200046654,172,5.141657706,5.313089371,5.473773427,5.200046654,5.313089371,5.200046654
6.087993206,173,6.032009145,6.282729149,6.321662767,6.087993206,6.282729149,6.087993206
7.927854474,174,7.773189271,9.4789505,8.235703547,7.927854474,9.4789505,9.4789505
5.139351392,175,5.099002289,5.069657803,5.377777687,5.139351392,5.069657803,5.139351392
5.911652561,176,5.9364261,5.774738312,5.825165143,5.911652561,5.774738312,5.911652561
5.372927383,177,5.408714529,4.926559925,5.330851759,5.372927383,4.926559925,5.372927383
6.188753812,178,6.222396858,6.207442284,6.003094744,6.188753812,6.207442284,6.188753812
6.918037243,179,6.919597099,7.065769196,6.860473949,6.918037243,7.065769196,6.918037243
5.621843299,180,5.623705225,5.385472775,5.690703203,5.621843299,5.385472775,5.621843299
5.935093039,181,5.930214233,5.80895853,6.003158213,5.935093039,5.80895853,5.935093039
5.941710661,182,5.863056954,6.253094196,6.257402626,5.941710661,6.253094196,5.941710661
5.172001075,183,5.071002933,4.814326286,5.829882701,5.172001075,4.814326286,5.172001075
5.739048067,184,5.74370374,5.717041969,5.721553137,5.739048067,5.717041969,5.739048067
5.025677425,185,4.881615641,5.814068317,5.531209975,5.025677425,5.814068317,5.025677425
7.032702992,186,6.914847719,7.976376057,7.346706641,7.032702992,7.976376057,7.032702992
4.861701076,187,4.833109371,4.918855667,4.995138619,4.861701076,4.918855667,4.861701076
5.944911201,188,5.902609889,5.904905796,6.183853334,5.944911201,5.904905796,5.944911201
5.344026654,189,5.372817534,4.825272083,5.363393425,5.344026654,4.825272083,5.344026654
5.912839328,190,5.991601321,5.680597305,5.570189333,5.912839328,5.680597305,5.912839328
5.602717548,191,5.637301994,5.307508469,5.516670115,5.602717548,5.307508469,5.602717548
5.06536797,192,5.052314378,5.176809311,5.097839974,5.06536797,5.176809311,5.06536797
6.492524596,193,6.497728262,6.054149151,6.61089682,6.492524596,6.054149151,6.492524596
6.97625969,194,7.076382044,6.81977129,6.494436527,6.97625969,6.81977129,6.97625969
5.641727718,195,5.683276381,5.50646019,5.465224063,5.641727718,5.50646019,5.641727718
5.309220098,196,5.354920107,4.631460667,5.291406546,5.309220098,4.631460667,5.309220098
5.072346606,197,5.053139407,5.033860683,5.187613605,5.072346606,5.033860683,5.072346606
7.03867174,198,7.127157492,6.889492035,6.616474217,7.03867174,6.889492035,7.03867174
4.999972552,199,4.928812019,5.500508785,5.212649863,4.999972552,5.500508785,4.999972552
6.658188566,200,6.614666507,6.779501915,6.849868392,6.658188566,6.779501915,6.658188566
5.484998169,201,5.554178754,4.680622578,5.384160267,5.484998169,4.680622578,5.484998169
5.433080744,202,5.453441604,5.626138687,5.260136726,5.433080744,5.626138687,5.433080744
5.089533243,203,5.093626238,5.090322495,5.067440855,5.089533243,5.090322495,5.089533243
6.000388094,204,6.032717741,5.978530407,5.835249126,6.000388094,5.978530407,6.000388094
4.755329436,205,4.744002289,4.47180748,4.910248208,4.755329436,4.47180748,4.755329436
5.640761057,206,5.701066082,5.245986462,5.450725746,5.640761057,5.245986462,5.640761057
6.171920128,207,6.272249718,5.802466869,5.759980071,6.171920128,5.802466869,6.171920128
6.517100979,208,6.726051098,5.692439079,5.677587642,6.517100979,5.692439079,6.517100979
6.923971676,209,6.909744078,7.242326736,6.893733848,6.923971676,7.242326736,6.923971676
5.296509659,210,5.194250834,5.777408123,5.681590451,5.296509659,5.777408123,5.296509659
4.925935262,211,4.878720489,5.513893127,4.981761349,4.925935262,5.513893127,4.925935262
6.361193931,212,6.366645183,6.979103565,6.126150666,6.361193931,6.979103565,6.361193931
7.31095237,213,7.467074034,7.133567333,6.537431844,7.31095237,7.133567333,7.31095237
4.902538782,214,4.882300355,5.255980492,4.89266316,4.902538782,5.255980492,4.902538782
6.00920726,215,6.097123543,5.671055317,5.653037733,6.00920726,5.671055317,6.00920726
5.888370107,216,5.911023785,5.804308414,5.795570973,5.888370107,5.804308414,5.888370107
6.528956008,217,6.4661588,6.612154484,6.836141509,6.528956008,6.612154484,6.528956008
6.14846703,218,6.172177046,6.627849102,5.86221951,6.14846703,6.627849102,6.14846703
6.4281639,219,6.399897346,6.720366955,6.4815178,6.4281639,6.720366955,6.4281639
6.904186952,220,6.894595017,7.616701126,6.717839216,6.904186952,7.616701126,6.904186952
6.936063483,221,6.971691614,6.109979153,7.021408229,6.936063483,6.109979153,6.936063483
5.010948371,222,5.00390858,4.872963905,5.094488706,5.010948371,4.872963905,5.010948371
6.102363187,223,6.136978227,5.709691048,6.048640353,6.102363187,5.709691048,6.102363187
5.666385842,224,5.669169674,5.433191299,5.729270136,5.666385842,5.433191299,5.666385842
6.328781203,225,6.358268278,5.356584549,6.495582275,6.328781203,5.356584549,6.328781203
4.748687475,226,4.74516,5.03048563,4.673567836,4.748687475,5.03048563,4.748687475
5.976861244,227,5.946873954,5.507996082,6.293081842,5.976861244,5.507996082,5.976861244
6.12282659,228,6.159317596,6.002892017,5.968185999,6.12282659,6.002892017,6.12282659
5.268323138,229,5.29006292,5.257044792,5.156137,5.268323138,5.257044792,5.268323138
4.719120612,230,4.732056634,4.716077328,4.651142879,4.719120612,4.716077328,4.719120612
4.831653153,231,4.75426502,5.329193592,5.078543088,4.831653153,5.329193592,4.831653153
4.658865048,232,4.605263508,4.878164768,4.871640001,4.658865048,4.878164768,4.658865048
4.69833895,233,4.666118172,4.729450226,4.859812638,4.69833895,4.729450226,4.69833895
6.251708501,234,6.385859534,5.139762402,5.906884904,6.251708501,5.139762402,6.251708501
4.999101206,235,4.963927045,5.280675411,5.0928387,4.999101206,5.280675411,4.999101206
6.956270487,236,6.851395807,7.542265415,7.320270392,6.956270487,7.542265415,6.956270487
6.551334239,237,6.372387508,6.542403221,7.508693847,6.551334239,6.542403221,6.551334239
6.356957175,238,6.361859262,5.74220705,6.535729381,6.356957175,5.74220705,6.356957175
6.113900247,239,6.060168977,5.967331409,6.449323262,6.113900247,5.967331409,6.113900247
5.923114879,240,5.900743531,6.027201653,6.007733022,5.923114879,6.027201653,5.923114879
6.795734335,241,6.746698061,7.26111412,6.902134535,6.795734335,7.26111412,6.795734335
6.345698204,242,6.332745119,6.184203625,6.46861285,6.345698204,6.184203625,6.345698204
6.424482933,243,6.521921704,5.640276909,6.166211377,6.424482933,5.640276909,6.424482933
5.540806252,244,5.586366338,5.467678547,5.322194905,5.540806252,5.467678547,5.540806252
6.310549802,245,6.493538448,5.466630936,5.615916605,6.310549802,5.466630936,6.310549802
8.018398598,246,8.168285293,7.296879292,7.459509328,8.018398598,7.296879292,8.018398598
6.644705241,247,6.649911352,7.461712837,6.344603409,6.644705241,7.461712837,6.644705241
8.840653797,248,8.934268995,8.139936447,8.574945227,8.840653797,8.139936447,8.840653797
5.895249143,249,5.807448911,7.092859745,5.96431351,5.895249143,7.092859745,5.895249143
6.56859782,250,6.588568904,6.342478275,6.537458515,6.56859782,6.342478275,6.56859782
5.810150906,251,5.886615692,5.363173485,5.551331187,5.810150906,5.363173485,5.810150906
5.738054168,252,5.799394926,5.525169849,5.48186486,5.738054168,5.525169849,5.738054168
7.369009577,253,7.372388821,8.047527313,7.124814243,7.369009577,8.047527313,8.047527313
6.984436556,254,7.131643476,6.529901028,6.350844824,6.984436556,6.529901028,6.984436556
5.912889233,255,6.032543992,4.947561741,5.596506285,5.912889233,4.947561741,5.912889233
5.511893602,256,5.574105943,5.242138386,5.270012814,5.511893602,5.242138386,5.511893602
5.657117649,257,5.679075169,5.73333168,5.514606079,5.657117649,5.73333168,5.657117649
6.212090552,258,6.304817063,5.674921989,5.896605383,6.212090552,5.674921989,6.212090552
5.69048091,259,5.782920226,5.413936138,5.289652741,5.69048091,5.413936138,5.69048091
5.549639131,260,5.633620764,5.368488312,5.16212066,5.549639131,5.368488312,5.549639131
5.836579836,261,5.908625091,5.30175972,5.63061181,5.836579836,5.30175972,5.836579836
5.244822145,262,5.254768895,5.510451794,5.103229594,5.244822145,5.510451794,5.244822145
6.304933186,263,6.363180105,5.739059925,6.182907334,6.304933186,5.739059925,6.304933186
5.174895316,264,5.217954792,5.203471184,4.935719487,5.174895316,5.203471184,5.174895316
8.203175225,265,8.187272783,9.633737564,7.811134058,8.203175225,9.633737564,9.633737564
7.456378454,266,7.394593304,7.991586208,7.607496628,7.456378454,7.991586208,7.456378454
6.417651507,267,6.500149432,6.157561302,6.064359228,6.417651507,6.157561302,6.417651507
7.299207143,268,7.42037836,6.708423615,6.84988853,7.299207143,6.708423615,7.299207143
6.982570063,269,6.967741772,7.540315628,6.875738971,6.982570063,7.540315628,6.982570063
5.663232285,270,5.656858144,5.231684208,5.841076979,5.663232285,5.231684208,5.663232285
5.356734606,271,5.397423172,5.302109241,5.157937415,5.356734606,5.302109241,5.356734606
5.276598894,272,5.329686417,5.065451622,5.063847781,5.276598894,5.065451622,5.276598894
6.29236292,273,6.349502661,5.799910069,6.151768468,6.29236292,5.799910069,6.29236292
5.475435316,274,5.438646878,5.444140434,5.682071947,5.475435316,5.444140434,5.475435316
6.667624862,275,6.410410623,7.747701168,7.679408626,6.667624862,7.747701168,6.667624862
5.484860922,276,5.487986324,5.603739738,5.428565879,5.484860922,5.603739738,5.484860922
6.317771486,277,6.397507873,6.289886951,5.901805638,6.317771486,6.289886951,6.317771486
6.4865893,278,6.547380369,6.014746666,6.319651024,6.4865893,6.014746666,6.4865893
6.433460227,279,6.53593965,5.956455231,6.045904888,6.433460227,5.956455231,6.433460227
5.107249524,280,5.130007135,5.12467289,4.980067694,5.107249524,5.12467289,5.107249524
6.288151417,281,6.386247378,6.655501842,5.642522854,6.288151417,6.655501842,6.288151417
6.022629774,282,6.189857593,4.992805958,5.474022663,6.022629774,4.992805958,6.022629774
6.481800547,283,6.548336471,6.451341152,6.137095299,6.481800547,6.451341152,6.481800547
6.335443243,284,6.390988073,6.757832527,5.898407642,6.335443243,6.757832527,6.335443243
6.061974717,285,6.120788846,5.854735374,5.817379142,6.061974717,5.854735374,6.061974717
5.396049493,286,5.40284209,5.24509716,5.410139718,5.396049493,5.24509716,5.396049493
6.472473789,287,6.606608601,5.60551405,6.046074705,6.472473789,5.60551405,6.472473789
5.815407684,288,5.826452396,5.59798193,5.828977842,5.815407684,5.59798193,5.815407684
5.750294118,289,5.807169495,5.545174122,5.515331984,5.750294118,5.545174122,5.750294118
6.227699817,290,6.282207185,6.058713436,5.993322529,6.227699817,6.058713436,6.227699817
5.821500941,291,5.856271015,5.938838959,5.596947753,5.821500941,5.938838959,5.821500941
5.76795741,292,5.861005352,5.1561203,5.475647302,5.76795741,5.1561203,5.76795741
7.956275466,293,8.012022568,7.762980461,7.723389258,7.956275466,7.762980461,7.956275466
7.89581826,294,7.912431082,7.552349091,7.921706304,7.89581826,7.552349091,7.89581826
4.976113005,295,4.992121345,4.964443207,4.89462514,4.976113005,4.964443207,4.976113005
5.807091046,296,5.879462124,5.442593098,5.542611278,5.807091046,5.442593098,5.807091046
6.091643954,297,6.182211348,5.755979061,5.720506031,6.091643954,5.755979061,6.091643954
5.987872476,298,6.036379531,5.746154308,5.809740945,5.987872476,5.746154308,5.987872476
5.544400116,299,5.60214499,5.650533199,5.201049681,5.544400116,5.650533199,5.544400116
5.313401015,300,5.39041146,4.778728485,5.080902816,5.313401015,4.778728485,5.313401015
6.391450531,301,6.389626497,6.69136858,6.301205951,6.391450531,6.69136858,6.391450531
4.954537899,302,4.936130654,5.350929737,4.920579142,4.954537899,5.350929737,4.954537899
5.891336591,303,5.962104183,6.053926468,5.459712846,5.891336591,6.053926468,5.891336591
7.481644656,304,7.319630771,7.989560604,8.176413273,7.481644656,7.989560604,7.481644656
6.360225272,305,6.375799422,6.566548824,6.208388579,6.360225272,6.566548824,6.360225272
6.251842847,306,6.361638233,5.623681068,5.875654758,6.251842847,5.623681068,6.251842847
7.425909328,307,7.37365429,7.423345089,7.705457492,7.425909328,7.423345089,7.425909328
5.998954269,308,6.036309383,5.65403223,5.914701003,5.998954269,5.65403223,5.998954269
6.291788788,309,6.272752081,6.44011116,6.343877023,6.291788788,6.44011116,6.291788788
5.527114108,310,5.606925812,5.027486324,5.267994159,5.527114108,5.027486324,5.527114108
6.218450469,311,6.32544863,5.961149693,5.733560459,6.218450469,5.961149693,6.218450469
7.310817054,312,7.193584086,7.370819092,7.916058752,7.310817054,7.370819092,7.310817054
5.210262461,313,5.253284071,5.1747365,4.9926559,5.210262461,5.1747365,5.210262461
8.022204587,314,7.883863325,8.542944908,8.586444585,8.022204587,8.542944908,8.542944908
5.273914174,315,5.290090611,5.49702549,5.113269287,5.273914174,5.49702549,5.273914174
5.660824336,316,5.701698232,5.464971542,5.508114449,5.660824336,5.464971542,5.660824336
5.750674272,317,5.784585034,5.863018513,5.532368755,5.750674272,5.863018513,5.750674272
5.157308899,318,5.163238621,4.62088871,5.304490405,5.157308899,4.62088871,5.157308899
6.854711872,319,6.914495813,6.444497108,6.672602443,6.854711872,6.444497108,6.854711872
6.955265487,320,6.999913631,6.784646511,6.774015042,6.955265487,6.784646511,6.955265487
6.421893978,321,6.499541517,5.953422546,6.163930839,6.421893978,5.953422546,6.421893978
5.390791933,322,5.412626432,5.111598492,5.367405792,5.390791933,5.111598492,5.390791933
5.908758389,323,6.012344906,6.010265827,5.322461111,5.908758389,6.010265827,5.908758389
5.666142916,324,5.64804675,5.572328568,5.793927249,5.666142916,5.572328568,5.666142916
6.127233316,325,6.177534577,6.044952869,5.886386742,6.127233316,6.044952869,6.127233316
5.994995194,326,6.015636281,5.618806362,6.010305635,5.994995194,5.618806362,5.994995194
7.052740779,327,7.156746115,6.871897697,6.558326719,7.052740779,6.871897697,7.052740779
5.203318481,328,5.245353547,5.111451149,5.009753907,5.203318481,5.111451149,5.203318481
5.795724165,329,5.90241774,5.362183094,5.371205337,5.795724165,5.362183094,5.795724165
6.464453118,330,6.514264686,6.312779903,6.2493492,6.464453118,6.312779903,6.464453118
7.394490947,331,7.46754509,7.090339661,7.106252614,7.394490947,7.090339661,7.394490947
5.312106678,332,5.296670448,5.298321247,5.399028378,5.312106678,5.298321247,5.312106678
5.854902134,333,5.791148815,5.912173271,6.175829419,5.854902134,5.912173271,5.854902134
6.3637647,334,6.280906039,7.010015488,6.590260506,6.3637647,7.010015488,6.3637647
5.612821418,335,5.564128944,5.349499226,5.960288556,5.612821418,5.349499226,5.612821418
5.489601805,336,5.504036154,5.40764904,5.439936115,5.489601805,5.40764904,5.489601805
5.903026083,337,6.013259459,5.371908665,5.492153925,5.903026083,5.371908665,5.903026083
5.897352427,338,5.85598677,6.294870853,5.985463082,5.897352427,6.294870853,5.897352427
5.45216248,339,5.424834005,5.518107414,5.5759327,5.45216248,5.518107414,5.45216248
6.721784853,340,6.910780807,5.893074989,5.990043092,6.721784853,5.893074989,6.721784853
5.886883302,341,5.952792185,5.421615601,5.690458417,5.886883302,5.421615601,5.886883302
5.756848745,342,5.682146357,5.848227978,6.12480162,5.756848745,5.848227978,5.756848745
5.400951133,343,5.410754398,5.172687054,5.424755039,5.400951133,5.172687054,5.400951133
5.098929613,344,5.102950559,5.039074421,5.0974363,5.098929613,5.039074421,5.098929613
5.518864484,345,5.552079494,5.621049881,5.307655923,5.518864484,5.621049881,5.518864484
5.435099913,346,5.418243906,5.871864319,5.379410408,5.435099913,5.871864319,5.435099913
5.13382898,347,5.131736455,5.106807709,5.153996123,5.13382898,5.106807709,5.13382898
5.12044379,348,5.085096916,4.9126544,5.378223561,5.12044379,4.9126544,5.12044379
5.201733835,349,5.238920139,4.907092094,5.101620775,5.201733835,4.907092094,5.201733835
6.036705885,350,6.12573194,5.716485977,5.668640227,6.036705885,5.716485977,6.036705885
4.753397234,351,4.699793028,4.915053368,4.985400891,4.753397234,4.915053368,4.753397234
4.722606203,352,4.668888219,5.014503002,4.911803184,4.722606203,5.014503002,4.722606203
5.763143714,353,5.722177627,5.562794209,6.04841268,5.763143714,5.562794209,5.763143714
6.067315141,354,6.044920983,5.709103584,6.306154381,6.067315141,5.709103584,6.067315141
5.601090515,355,5.642714981,5.766114235,5.324085332,5.601090515,5.766114235,5.601090515
5.657557334,356,5.725435127,4.845632076,5.566184209,5.657557334,4.845632076,5.657557334
5.11548882,357,5.116796467,5.082701206,5.119443827,5.11548882,5.082701206,5.11548882
4.934198536,358,4.863798646,5.217815399,5.215125581,4.934198536,5.217815399,4.934198536
4.971242417,359,4.965891394,5.125848293,4.948245798,4.971242417,5.125848293,4.971242417
5.317701078,360,5.215407833,5.522035122,5.795153621,5.317701078,5.522035122,5.317701078
5.266354516,361,5.292645219,5.28976202,5.118334937,5.266354516,5.28976202,5.266354516
6.331614596,362,6.359143835,6.671994209,6.071332079,6.331614596,6.671994209,6.331614596
5.145642069,363,5.124044338,5.091986179,5.278715302,5.145642069,5.091986179,5.145642069
5.97342564,364,5.949396899,5.930667877,6.115831436,5.97342564,5.930667877,5.97342564
6.871053433,365,6.829205883,7.105084896,7.01622976,6.871053433,7.105084896,6.871053433
5.965119307,366,6.028829938,6.16945076,5.557218751,5.965119307,6.16945076,5.965119307
5.834295098,367,5.863515671,5.908866882,5.653594703,5.834295098,5.908866882,5.834295098
5.010803313,368,5.015000832,4.968211174,5.002613867,5.010803313,4.968211174,5.010803313
6.112436681,369,6.084107327,6.737100601,6.055305301,6.112436681,6.737100601,6.112436681
5.914856663,370,5.961680236,5.635094166,5.758385143,5.914856663,5.635094166,5.914856663
6.22470677,371,6.104611717,7.551575184,6.422924206,6.22470677,7.551575184,6.22470677
5.486507129,372,5.42637387,6.411475182,5.498895042,5.486507129,6.411475182,5.486507129
6.790244045,373,6.782736155,6.576454163,6.901549461,6.790244045,6.576454163,6.790244045
4.74893536,374,4.671120496,5.078702927,5.054025368,4.74893536,5.078702927,4.74893536
6.835826382,375,6.761512065,7.153091431,7.126414395,6.835826382,7.153091431,6.835826382
4.710980214,376,4.706666936,4.733630657,4.726434196,4.710980214,4.733630657,4.710980214
5.552483179,377,5.600823499,5.217466831,5.406340215,5.552483179,5.217466831,5.552483179
5.65040848,378,5.539626441,6.379791737,5.998118149,5.65040848,6.379791737,5.65040848
6.607976842,379,6.522003451,6.940163136,6.95577275,6.607976842,6.940163136,6.607976842
5.610234002,380,5.637038159,5.590966702,5.473700854,5.610234002,5.590966702,5.610234002
5.125634532,381,5.050294618,5.271533012,5.478814542,5.125634532,5.271533012,5.125634532
5.97942916,382,5.931379817,5.99403286,6.230824301,5.97942916,5.99403286,5.97942916
5.102824038,383,5.101795557,5.137719154,5.096677443,5.102824038,5.137719154,5.102824038
5.874061851,384,5.905218511,5.88069725,5.705681161,5.874061851,5.88069725,5.874061851
5.319323421,385,5.33976147,5.333517075,5.205589237,5.319323421,5.333517075,5.319323421
5.231380961,386,5.258757114,5.141413212,5.11536406,5.231380961,5.141413212,5.231380961
5.780362735,387,5.802291835,5.774204254,5.665460405,5.780362735,5.774204254,5.780362735
6.532995142,388,6.698772002,5.716480255,5.921023399,6.532995142,5.716480255,6.532995142
5.295536435,389,5.331769909,4.949757099,5.217551001,5.295536435,4.949757099,5.295536435
5.160876951,390,5.132671781,5.461731911,5.211019455,5.160876951,5.461731911,5.160876951
5.558581665,391,5.594844637,5.234931469,5.47306247,5.558581665,5.234931469,5.558581665
6.270933204,392,6.254116332,6.409388542,6.314471332,6.270933204,6.409388542,6.270933204
6.006566309,393,5.991320541,5.512835503,6.252454044,6.006566309,5.512835503,6.006566309
4.608501779,394,4.562041589,4.76503849,4.804110558,4.608501779,4.76503849,4.608501779
6.286375467,395,6.381811746,5.499027252,6.039831342,6.286375467,5.499027252,6.286375467
5.668443569,396,5.678471534,6.059623241,5.484567823,5.668443569,6.059623241,5.668443569
5.960325521,397,5.955862501,5.700808525,6.070633881,5.960325521,5.700808525,5.960325521
5.194634149,398,5.212848835,5.304860592,5.060747046,5.194634149,5.304860592,5.194634149
6.890046499,399,6.767918703,7.626683235,7.295849207,6.890046499,7.626683235,6.890046499
4.892153191,400,4.848961612,5.032595634,5.075694012,4.892153191,5.032595634,4.892153191
5.280436537,401,5.266804861,5.406825066,5.311009336,5.280436537,5.406825066,5.280436537
5.625093765,402,5.713750255,5.418416023,5.221151653,5.625093765,5.418416023,5.625093765
5.325693774,403,5.394294207,5.255313873,4.983284686,5.325693774,5.255313873,5.325693774
7.548072722,404,7.581191411,7.674877167,7.329171605,7.548072722,7.674877167,7.548072722
4.718665913,405,4.727461158,4.543046474,4.730297694,4.718665913,4.543046474,4.718665913
6.528226748,406,6.650572988,5.697518826,6.152615988,6.528226748,5.697518826,6.528226748
5.399525202,407,5.371362639,5.162687778,5.628671307,5.399525202,5.162687778,5.399525202
5.96934569,408,5.899943553,6.330652714,6.219054706,5.96934569,6.330652714,5.96934569
7.569567642,409,7.703405831,7.409414768,6.909148296,7.569567642,7.409414768,7.569567642
5.93421308,410,5.925169805,5.929777145,5.983922563,5.93421308,5.929777145,5.93421308
7.775122139,411,7.753929041,7.244770527,8.064935864,7.775122139,7.244770527,7.775122139
5.3755089,412,5.324100489,5.673427582,5.550380864,5.3755089,5.673427582,5.3755089
5.670853441,413,5.586547626,5.982100487,6.016735479,5.670853441,5.982100487,5.670853441
6.621769956,414,6.557074451,5.831546307,7.230220578,6.621769956,5.831546307,6.621769956
5.372995079,415,5.409193459,5.186386108,5.242140039,5.372995079,5.186386108,5.372995079
5.98505796,416,6.104521619,5.501059055,5.509251335,5.98505796,5.501059055,5.98505796
5.253122655,417,5.298607159,5.152420521,5.044106049,5.253122655,5.152420521,5.253122655
5.543065253,418,5.520145576,5.535772324,5.667734468,5.543065253,5.535772324,5.543065253
5.2399449,419,5.299303754,4.718104362,5.097311211,5.2399449,4.718104362,5.2399449
6.070007079,420,6.188248305,6.072976589,5.438397374,6.070007079,6.072976589,6.070007079
5.614296119,421,5.619912513,5.63670063,5.576873727,5.614296119,5.63670063,5.614296119
5.074283968,422,5.032909472,4.977626801,5.327167004,5.074283968,4.977626801,5.074283968
7.111405666,423,7.072829063,7.885547161,7.059100344,7.111405666,7.885547161,7.111405666
5.485820207,424,5.478833448,5.437640667,5.53914281,5.485820207,5.437640667,5.485820207
5.135773092,425,5.099245413,5.296210766,5.277108197,5.135773092,5.296210766,5.135773092
5.58879154,426,5.569978766,5.817227364,5.612981063,5.58879154,5.817227364,5.58879154
5.85783261,427,5.811162648,5.877064228,6.100328453,5.85783261,5.877064228,5.85783261
5.51852578,428,5.530938078,5.392144203,5.494454007,5.51852578,5.392144203,5.51852578
5.358213591,429,5.350177215,5.489758492,5.357225841,5.358213591,5.489758492,5.358213591
6.591209229,430,6.581429081,6.487249374,6.678023186,6.591209229,6.487249374,6.591209229
5.111334408,431,5.172985006,4.904551029,4.851458948,5.111334408,4.904551029,5.111334408
5.40076768,432,5.483429738,5.20815134,5.024108818,5.40076768,5.20815134,5.40076768
6.058598066,433,6.065780316,5.902439117,6.072345638,6.058598066,5.902439117,6.058598066
6.660819113,434,6.638269594,6.486569405,6.839166374,6.660819113,6.486569405,6.660819113
6.817617057,435,6.933122516,6.421525955,6.333618271,6.817617057,6.421525955,6.817617057
6.253739832,436,6.219699731,6.322687626,6.412304358,6.253739832,6.322687626,6.253739832
6.580108683,437,6.657079863,6.088349342,6.33351554,6.580108683,6.088349342,6.580108683
5.243033159,438,5.19326064,5.575408936,5.397694669,5.243033159,5.575408936,5.243033159
7.102910208,439,7.120347265,7.045899391,7.028916095,7.102910208,7.045899391,7.102910208
5.314127063,440,5.289884446,5.105674744,5.512905086,5.314127063,5.105674744,5.314127063
5.42292771,441,5.450499862,5.395747662,5.284936132,5.42292771,5.395747662,5.42292771
6.444205215,442,6.471736786,6.281621933,6.351564557,6.444205215,6.281621933,6.444205215
6.847066325,443,6.888711409,6.611063004,6.70362702,6.847066325,6.611063004,6.847066325
5.909372746,444,5.935803919,5.74229002,5.824100728,5.909372746,5.74229002,5.909372746
6.018465904,445,6.053686123,5.79946804,5.903623981,6.018465904,5.79946804,6.018465904
5.846194785,446,5.854099403,5.526077271,5.9107427,5.846194785,5.526077271,5.846194785
6.962438548,447,7.075097243,6.63976717,6.469149259,6.962438548,6.63976717,6.962438548
6.201507267,448,6.265411131,6.190155983,5.8644703,6.201507267,6.190155983,6.201507267
5.762967968,449,5.801376842,5.431642056,5.668562647,5.762967968,5.431642056,5.762967968
5.673275952,450,5.70530115,5.294174194,5.628842032,5.673275952,5.294174194,5.673275952
6.223916403,451,6.225971855,6.290388107,6.190796761,6.223916403,6.290388107,6.223916403
6.668576769,452,6.694348374,6.667013168,6.531649407,6.668576769,6.667013168,6.668576769
5.800830602,453,5.845068327,5.849814892,5.548567932,5.800830602,5.849814892,5.800830602
6.091323559,454,6.119864395,6.130012989,5.926209327,6.091323559,6.130012989,6.091323559
6.183030173,455,6.253013894,6.173156738,5.813074689,6.183030173,6.173156738,6.183030173
6.788098977,456,6.808189303,6.625695229,6.735085152,6.788098977,6.625695229,6.788098977
6.07393927,457,6.115797986,5.852341652,5.924558659,6.07393927,5.852341652,6.07393927
5.769398187,458,5.788023846,5.711239815,5.689447344,5.769398187,5.711239815,5.769398187
6.325300676,459,6.418533542,5.984407425,5.941689727,6.325300676,5.984407425,6.325300676
7.128607592,460,7.202867111,7.150237083,6.725347036,7.128607592,7.150237083,7.128607592
7.024474372,461,7.101817667,6.788179398,6.690741832,7.024474372,6.788179398,7.024474372
5.829516743,462,5.902268968,5.548442841,5.535196053,5.829516743,5.548442841,5.829516743
5.673587999,463,5.705266027,5.781351089,5.468717407,5.673587999,5.781351089,5.673587999
5.330423672,464,5.358685925,5.297196388,5.190767374,5.330423672,5.297196388,5.330423672
6.366817787,465,6.459347585,6.185284138,5.933836711,6.366817787,6.185284138,6.366817787
6.466939252,466,6.48458695,6.671471596,6.30464075,6.466939252,6.671471596,6.466939252
6.517108377,467,6.591745208,6.039157867,6.278362032,6.517108377,6.039157867,6.517108377
5.021252562,468,5.068015692,4.662252426,4.891515929,5.021252562,4.662252426,5.021252562
5.777080754,469,5.834750862,5.537711143,5.549296637,5.777080754,5.537711143,5.777080754
5.367623375,470,5.399254084,4.980492592,5.32796985,5.367623375,4.980492592,5.367623375
5.77217035,471,5.827488501,5.659321308,5.514756479,5.77217035,5.659321308,5.77217035
5.232408624,472,5.282058484,5.070106506,5.021710115,5.232408624,5.070106506,5.232408624
5.416963253,473,5.440456641,5.206350327,5.361869373,5.416963253,5.206350327,5.416963253
5.696115714,474,5.732693168,5.526569366,5.557551369,5.696115714,5.526569366,5.696115714
6.127614096,475,6.246424491,5.792512894,5.60565906,6.127614096,5.792512894,6.127614096
5.570776671,476,5.602437759,5.249756813,5.508924037,5.570776671,5.249756813,5.570776671
5.436085252,477,5.462488189,5.151237488,5.39021872,5.436085252,5.151237488,5.436085252
5.323713694,478,5.359457616,5.374442577,5.116169694,5.323713694,5.374442577,5.323713694
5.474298946,479,5.514235598,5.282583237,5.325208702,5.474298946,5.282583237,5.474298946
5.115699437,480,5.142116931,5.171131134,4.956328781,5.115699437,5.171131134,5.115699437
6.229188818,481,6.178284097,6.312110424,6.473040126,6.229188818,6.312110424,6.229188818
6.047620708,482,6.111690796,6.008339882,5.719007104,6.047620708,6.008339882,6.047620708
5.351463911,483,5.399032146,5.242741585,5.134007389,5.351463911,5.242741585,5.351463911
5.359873951,484,5.377170742,5.475877285,5.228956542,5.359873951,5.475877285,5.359873951
5.624537687,485,5.63329263,5.296545506,5.687175345,5.624537687,5.296545506,5.624537687
5.855656572,486,5.968366334,5.305330753,5.437979783,5.855656572,5.305330753,5.855656572
5.59162411,487,5.637086711,5.548536777,5.363519347,5.59162411,5.548536777,5.59162411
5.396787317,488,5.394722187,5.543708324,5.358827713,5.396787317,5.543708324,5.396787317
5.467136579,489,5.540531365,5.23028326,5.154648865,5.467136579,5.23028326,5.467136579
5.211448089,490,5.215072398,5.028002739,5.253266852,5.211448089,5.028002739,5.211448089
5.553989218,491,5.628795964,5.552371502,5.155559066,5.553989218,5.552371502,5.553989218
5.171076972,492,5.152399153,5.243020535,5.246710781,5.171076972,5.243020535,5.171076972
5.340102607,493,5.384529713,5.336174965,5.104467258,5.340102607,5.336174965,5.340102607
5.618343856,494,5.666624751,5.430985451,5.423298474,5.618343856,5.430985451,5.618343856
5.360423852,495,5.431465798,5.253469467,5.017184976,5.360423852,5.253469467,5.360423852
5.622049398,496,5.689664676,5.531863213,5.29149653,5.622049398,5.531863213,5.622049398
5.02730416,497,5.035518665,4.990180969,4.99586784,5.02730416,4.990180969,5.02730416
5.505378292,498,5.481158359,5.397465229,5.670522285,5.505378292,5.397465229,5.505378292
5.244980482,499,5.274916972,5.173110962,5.109275709,5.244980482,5.173110962,5.244980482
5.091524639,500,5.121655321,5.072516918,4.937163616,5.091524639,5.072516918,5.091524639
5.385364591,501,5.42908118,5.224734306,5.205752795,5.385364591,5.224734306,5.385364591
5.614802278,502,5.704513185,5.477840424,5.181998095,5.614802278,5.477840424,5.614802278
5.430879103,503,5.467889175,5.253124714,5.292743477,5.430879103,5.253124714,5.430879103
5.731095773,504,5.778589864,5.202630043,5.653949153,5.731095773,5.202630043,5.731095773
5.445980005,505,5.485056442,5.392187595,5.255503061,5.445980005,5.392187595,5.445980005
5.796728175,506,5.83965298,5.473713875,5.675467317,5.796728175,5.473713875,5.796728175
5.416041912,507,5.47538017,5.218447685,5.165435823,5.416041912,5.218447685,5.416041912
5.548693076,508,5.646065066,5.406103611,5.076905578,5.548693076,5.406103611,5.548693076
5.376179362,509,5.434429523,5.257804394,5.104970158,5.376179362,5.257804394,5.376179362
5.41230047,510,5.425676058,5.316862106,5.372776667,5.41230047,5.316862106,5.41230047
6.085479801,511,6.104743083,5.662295341,6.123803825,6.085479801,5.662295341,6.085479801
5.564006287,512,5.603429967,5.359228134,5.422006004,5.564006287,5.359228134,5.564006287
5.879538827,513,5.865416554,5.461242199,6.094289825,5.879538827,5.461242199,5.879538827
6.165619109,514,6.024202864,6.743937969,6.727066011,6.165619109,6.743937969,6.165619109
5.675052702,515,5.678466265,5.475643158,5.723316837,5.675052702,5.475643158,5.675052702
5.829886533,516,5.871498121,5.566299438,5.695820389,5.829886533,5.566299438,5.829886533
5.384207691,517,5.443171215,5.389804363,5.067870044,5.384207691,5.389804363,5.384207691
6.033359854,518,6.03818073,5.457467079,6.199612656,6.033359854,5.457467079,6.033359854
5.264943051,519,5.320431126,4.997553349,5.058136494,5.264943051,4.997553349,5.264943051
5.265403463,520,5.281382596,5.178950787,5.208998901,5.265403463,5.178950787,5.265403463
5.596578724,521,5.621029594,5.486706734,5.502797961,5.596578724,5.486706734,5.596578724
5.130242195,522,5.160122675,5.070754528,4.990708735,5.130242195,5.070754528,5.130242195
5.46537404,523,5.528766045,5.351569176,5.165218344,5.46537404,5.351569176,5.46537404
5.188704797,524,5.234274805,4.995353222,5.010115277,5.188704797,4.995353222,5.188704797
5.854592959,525,5.920004485,5.354815483,5.672323901,5.854592959,5.354815483,5.854592959
5.410230668,526,5.418422949,5.499845982,5.336666611,5.410230668,5.499845982,5.410230668
5.456314044,527,5.486106877,5.28078413,5.355928822,5.456314044,5.28078413,5.456314044
5.825956919,528,5.856361091,5.872964382,5.64813222,5.825956919,5.872964382,5.825956919
5.015229546,529,5.057398199,5.042926311,4.781097687,5.015229546,5.042926311,5.015229546
5.350106588,530,5.424911614,5.197968006,5.001859349,5.350106588,5.197968006,5.350106588
5.345273115,531,5.396449528,5.196045399,5.122074736,5.345273115,5.196045399,5.345273115
5.398136267,532,5.406993486,5.468729019,5.327366805,5.398136267,5.468729019,5.398136267
5.290002077,533,5.341367977,4.994137764,5.114672005,5.290002077,4.994137764,5.290002077
5.090889686,534,5.109773464,5.093419552,4.989332912,5.090889686,5.093419552,5.090889686
5.27870783,535,5.369110513,4.74314642,4.975080598,5.27870783,4.74314642,5.27870783
5.415521152,536,5.464298408,5.294886589,5.195587225,5.415521152,5.294886589,5.415521152
5.088201188,537,5.108700447,5.118817806,4.96866631,5.088201188,5.118817806,5.088201188
5.156802367,538,5.204275426,5.095959663,4.923893541,5.156802367,5.095959663,5.156802367
5.102379911,539,5.130112617,5.163959026,4.933945697,5.102379911,5.163959026,5.102379911
5.245480502,540,5.287413531,5.405516148,4.968492508,5.245480502,5.405516148,5.245480502
5.316893658,541,5.378046171,5.11734581,5.057262789,5.316893658,5.11734581,5.316893658
5.498781056,542,5.535461906,5.553113461,5.285038933,5.498781056,5.553113461,5.498781056
6.497330659,543,6.500072041,6.359768867,6.528563807,6.497330659,6.359768867,6.497330659
5.128405502,544,5.134659167,5.161871433,5.083897355,5.128405502,5.161871433,5.128405502
6.336994703,545,6.341051812,6.234068871,6.349665399,6.336994703,6.234068871,6.336994703
5.932412882,546,5.941696171,6.00880003,5.857439545,5.932412882,6.00880003,5.932412882
5.162328882,547,5.16077963,5.246401787,5.142567176,5.162328882,5.246401787,5.162328882
6.137648544,548,6.04566579,6.33081007,6.563836022,6.137648544,6.33081007,6.137648544
5.371862391,549,5.327689762,5.810147285,5.461354698,5.371862391,5.810147285,5.371862391
7.178321217,550,7.294681088,6.647218227,6.734769491,7.178321217,6.647218227,7.178321217
6.160588844,551,6.097871848,6.327090263,6.439579014,6.160588844,6.327090263,6.160588844
6.471285171,552,6.435841448,6.941242695,6.503665811,6.471285171,6.941242695,6.471285171
5.877465483,553,5.783711571,6.243384838,6.255513151,5.877465483,6.243384838,5.877465483
5.538911487,554,5.549421603,5.611444473,5.458679797,5.538911487,5.611444473,5.538911487
5.161405199,555,5.161113255,5.419121265,5.07705684,5.161405199,5.419121265,5.161405199
5.836150431,556,5.821236405,6.268326759,5.771633167,5.836150431,6.268326759,5.836150431
5.019102088,557,5.035954474,4.930191517,4.958859516,5.019102088,4.930191517,5.019102088
6.077135895,558,6.028386607,6.311807156,6.258908384,6.077135895,6.311807156,6.077135895
5.157666234,559,5.06544428,5.917334557,5.396293882,5.157666234,5.917334557,5.157666234
4.936524055,560,4.941041557,4.781923294,4.963964296,4.936524055,4.781923294,4.936524055
5.99673538,561,5.917228286,5.789208412,6.489948868,5.99673538,5.789208412,5.99673538
6.26510922,562,6.233804689,6.357914448,6.401131523,6.26510922,6.357914448,6.26510922
6.534024041,563,6.580521505,6.439119816,6.317672188,6.534024041,6.439119816,6.534024041
5.652515094,564,5.708813344,5.331367493,5.459306843,5.652515094,5.331367493,5.652515094
7.119359879,565,6.844597705,7.61481905,8.419604967,7.119359879,7.61481905,7.119359879
6.163521382,566,6.024677682,6.640732288,6.744950809,6.163521382,6.640732288,6.163521382
4.802150861,567,4.790533819,4.786587238,4.869296254,4.802150861,4.786587238,4.802150861
5.35740937,568,5.342516337,5.87411356,5.26460419,5.35740937,5.87411356,5.35740937
5.90323067,569,5.932042092,5.464007854,5.895977357,5.90323067,5.464007854,5.90323067
6.46817333,570,6.456909283,6.524302006,6.509538564,6.46817333,6.524302006,6.46817333
4.964957621,571,4.939566632,4.404516697,5.287189831,4.964957621,4.404516697,4.964957621
6.557012687,572,6.548438512,6.074529648,6.76356922,6.557012687,6.074529648,6.557012687
5.555736737,573,5.551261677,5.469654083,5.608297903,5.555736737,5.469654083,5.555736737
4.778805502,574,4.757241488,4.926739216,4.8445023,4.778805502,4.926739216,4.778805502
5.293351513,575,5.269287008,5.071826458,5.495537184,5.293351513,5.071826458,5.293351513
4.898638955,576,4.894568009,4.956213474,4.901159145,4.898638955,4.956213474,4.898638955
5.79088533,577,5.810065469,5.731576443,5.708360808,5.79088533,5.731576443,5.79088533
4.908062983,578,4.93929448,4.416355133,4.905397597,4.908062983,4.416355133,4.908062983
5.214719967,579,5.194209107,5.036224365,5.383609635,5.214719967,5.036224365,5.214719967
6.206971867,580,6.192523764,6.174053669,6.295001188,6.206971867,6.174053669,6.206971867
5.08565051,581,5.071992831,5.265971661,5.098384297,5.08565051,5.265971661,5.08565051
5.124027779,582,5.047041232,6.259535789,5.156119907,5.124027779,6.259535789,5.124027779
6.385710959,583,6.259338256,7.188306808,6.792166678,6.385710959,7.188306808,6.385710959
5.184669156,584,5.218584074,5.284089565,4.970649501,5.184669156,5.284089565,5.184669156
5.633486866,585,5.67076876,5.543363571,5.464691156,5.633486866,5.543363571,5.633486866
5.185519519,586,5.198247563,5.091825485,5.148867884,5.185519519,5.091825485,5.185519519
5.380843945,587,5.383476674,5.316120625,5.388377049,5.380843945,5.316120625,5.380843945
5.222901252,588,5.161285741,5.176984787,5.566822843,5.222901252,5.176984787,5.222901252
5.968313876,589,5.949141347,6.055998325,6.041339256,5.968313876,6.055998325,5.968313876
7.150425322,590,7.242847501,7.536088943,6.528952533,7.150425322,7.536088943,7.150425322
6.421850608,591,6.468755149,6.367977142,6.189650843,6.421850608,6.367977142,6.421850608
5.815437188,592,5.852873343,5.733030319,5.643246614,5.815437188,5.733030319,5.815437188
6.029456189,593,6.082376271,5.872242451,5.799620334,6.029456189,5.872242451,6.029456189
6.112425916,594,6.051019089,6.172737122,6.419825138,6.112425916,6.172737122,6.112425916
5.166987253,595,5.126031632,5.637731552,5.228502468,5.166987253,5.637731552,5.166987253
5.36527635,596,5.321961504,5.378874779,5.591755935,5.36527635,5.378874779,5.36527635
5.82349309,597,5.822100663,5.8898983,5.808784222,5.82349309,5.8898983,5.82349309
5.266614067,598,5.148202358,5.429692268,5.843783777,5.266614067,5.429692268,5.266614067
5.989844581,599,6.045996462,5.867469788,5.73115944,5.989844581,5.867469788,5.989844581
5.035149624,600,4.988614382,4.991121292,5.29801369,5.035149624,4.991121292,5.035149624
6.07824414,601,6.044413387,6.501688957,6.117526551,6.07824414,6.501688957,6.07824414
7.821712064,602,7.69921163,8.674415588,8.190813087,7.821712064,8.674415588,8.674415588
7.604527885,603,7.731600458,6.480825424,7.301374943,7.604527885,6.480825424,7.604527885
5.132555862,604,5.1185556,5.325525284,5.142900747,5.132555862,5.325525284,5.132555862
6.945977344,605,7.034101752,6.944762707,6.476385262,6.945977344,6.944762707,6.945977344
5.648779091,606,5.543607724,5.844814777,6.14434782,5.648779091,5.844814777,5.648779091
6.258176623,607,6.26325021,6.260023117,6.230501993,6.258176623,6.260023117,6.258176623
6.749767517,608,6.747981527,6.672133923,6.785170702,6.749767517,6.672133923,6.749767517
6.501744641,609,6.4536061,6.426589966,6.783535044,6.501744641,6.426589966,6.501744641
6.291722687,610,6.265863263,7.154363632,6.142092516,6.291722687,7.154363632,6.291722687
5.098253575,611,5.080768151,5.020719528,5.217353773,5.098253575,5.020719528,5.098253575
5.782416944,612,5.834304273,5.546137333,5.584444277,5.782416944,5.546137333,5.782416944
5.198867716,613,5.209740307,5.060429096,5.187026813,5.198867716,5.060429096,5.198867716
6.088643989,614,5.966511063,6.163934708,6.714922569,6.088643989,6.163934708,6.088643989
4.898718082,615,4.874204753,4.96704483,5.006680233,4.898718082,4.96704483,4.898718082
5.931748214,616,5.971938135,5.705621243,5.792777626,5.931748214,5.705621243,5.931748214
4.986410739,617,4.964093579,5.305412292,4.999101701,4.986410739,5.305412292,4.986410739
5.689478863,618,5.684277903,5.411170959,5.809986497,5.689478863,5.411170959,5.689478863
4.96403644,619,4.986048794,4.899216652,4.868243834,4.96403644,4.899216652,4.96403644
5.685081474,620,5.689478549,6.005844593,5.554709406,5.685081474,6.005844593,5.685081474
5.035246491,621,4.965340584,5.693011284,5.188823063,5.035246491,5.693011284,5.035246491
6.360545211,622,6.364417433,6.31320715,6.355672713,6.360545211,6.31320715,6.360545211
5.799883019,623,5.759932754,5.686761856,6.050658194,5.799883019,5.686761856,5.799883019
5.914137591,624,5.790558491,5.774780273,6.619678483,5.914137591,5.774780273,5.914137591
5.532875256,625,5.534874698,4.994045258,5.701821584,5.532875256,4.994045258,5.532875256
5.653686966,626,5.692127565,5.396326065,5.534457368,5.653686966,5.396326065,5.653686966
6.409190273,627,6.46054017,6.107810497,6.235784005,6.409190273,6.107810497,6.409190273
5.786347345,628,5.698794951,6.734903812,5.937107878,5.786347345,6.734903812,5.786347345
8.053182935,629,8.086629269,8.049886703,7.875901193,8.053182935,8.049886703,8.053182935
5.745023932,630,5.761331782,5.859541416,5.619876272,5.745023932,5.859541416,5.745023932
5.522873849,631,5.492703689,5.905467987,5.556250029,5.522873849,5.905467987,5.522873849
6.46267438,632,6.467255678,6.335459709,6.480645606,6.46267438,6.335459709,6.46267438
5.206563222,633,5.154599386,5.419210434,5.412821154,5.206563222,5.419210434,5.206563222
5.292577374,634,5.218153856,5.665426731,5.565219644,5.292577374,5.665426731,5.292577374
6.143076133,635,6.116588622,5.84758091,6.382841223,6.143076133,5.84758091,6.143076133
5.699879988,636,5.713891062,5.915970802,5.553123989,5.699879988,5.915970802,5.699879988
5.921538569,637,5.898946558,5.804218292,6.081135936,5.921538569,5.804218292,5.921538569
5.310766012,638,5.37168168,5.166276932,5.034045359,5.310766012,5.166276932,5.310766012
5.906180639,639,5.897921787,6.060806274,5.898685891,5.906180639,6.060806274,5.906180639
5.496130962,640,5.405114624,5.380439758,6.020115164,5.496130962,5.380439758,5.496130962
6.513984103,641,6.502483997,6.658865452,6.527024103,6.513984103,6.658865452,6.513984103
6.083772183,642,6.126579245,5.669952393,5.993407697,6.083772183,5.669952393,6.083772183
6.173999183,643,6.180898618,6.207606316,6.125999855,6.173999183,6.207606316,6.173999183
6.880757664,644,6.913366196,6.901900768,6.69979779,6.880757664,6.901900768,6.880757664
4.978060962,645,4.917531896,5.049657345,5.277017232,4.978060962,5.049657345,4.978060962
5.680254987,646,5.567963797,6.061235428,6.152147774,5.680254987,6.061235428,5.680254987
6.772025928,647,6.807531488,7.180418015,6.446532127,6.772025928,7.180418015,6.772025928
6.732249476,648,6.666239551,6.584463596,7.13356433,6.732249476,6.584463596,6.732249476
6.785787384,649,6.6697623,7.290487766,7.236354329,6.785787384,7.290487766,6.785787384
6.091391965,650,6.106745189,6.49742651,5.874163218,6.091391965,6.49742651,6.091391965
4.714034466,651,4.619285127,4.926560402,5.148522256,4.714034466,4.926560402,4.714034466
5.796917958,652,5.796122442,5.625710487,5.85822987,5.796917958,5.625710487,5.796917958
5.46959506,653,5.464104102,5.433743477,5.510830655,5.46959506,5.433743477,5.46959506
5.241885369,654,5.254798933,5.547817707,5.0710355,5.241885369,5.547817707,5.241885369
5.739718347,655,5.681584849,6.149841309,5.913055934,5.739718347,6.149841309,5.739718347
5.333486042,656,5.393123156,5.139820576,5.079976592,5.333486042,5.139820576,5.333486042
5.970595526,657,6.018814957,5.68197298,5.809632701,5.970595526,5.68197298,5.970595526
5.047497915,658,5.052073905,5.100246429,5.005509716,5.047497915,5.100246429,5.047497915
5.267720042,659,5.29535763,5.235742569,5.130978609,5.267720042,5.235742569,5.267720042
5.496112731,660,5.437040651,5.496311665,5.81109747,5.496112731,5.496311665,5.496112731
5.900573251,661,5.918976093,5.964949608,5.780965937,5.900573251,5.964949608,5.900573251
5.905609254,662,5.967353082,5.436592579,5.732647689,5.905609254,5.436592579,5.905609254
5.042374667,663,5.0216151,5.126805305,5.124948813,5.042374667,5.126805305,5.042374667
5.322548325,664,5.338644139,5.291778564,5.24696061,5.322548325,5.291778564,5.322548325
5.105512805,665,5.147208728,4.895442009,4.953158107,5.105512805,4.895442009,5.105512805
5.887468354,666,5.931873908,5.628128052,5.737085505,5.887468354,5.628128052,5.887468354
5.598241948,667,5.553800102,5.507481098,5.865518745,5.598241948,5.507481098,5.598241948
6.564870896,668,6.525561398,6.837183475,6.683750568,6.564870896,6.837183475,6.564870896
6.779049051,669,6.822948851,7.16771698,6.415360728,6.779049051,7.16771698,6.779049051
6.131055341,670,6.131286677,6.446507931,6.024670606,6.131055341,6.446507931,6.131055341
5.387367393,671,5.296176093,5.789450169,5.739693322,5.387367393,5.789450169,5.387367393
5.250295229,672,5.21131627,5.222901821,5.467314189,5.250295229,5.222901821,5.250295229
6.03588013,673,6.030337475,6.083869934,6.049444356,6.03588013,6.083869934,6.03588013
5.304906338,674,5.253552386,5.541203499,5.500028323,5.304906338,5.541203499,5.304906338
5.904911394,675,5.924079129,5.711221218,5.867246907,5.904911394,5.711221218,5.904911394
5.585852715,676,5.598081885,5.108939648,5.67960138,5.585852715,5.108939648,5.585852715
6.07923953,677,6.135782537,6.034075737,5.792731464,6.07923953,6.034075737,6.07923953
5.03706274,678,5.008192019,4.936593056,5.224529773,5.03706274,4.936593056,5.03706274
6.111104249,679,6.052707052,6.246002674,6.377589744,6.111104249,6.246002674,6.111104249
6.497360655,680,6.384075091,6.969658375,6.944117636,6.497360655,6.969658375,6.497360655
5.054177631,681,4.99049568,5.340377808,5.29841468,5.054177631,5.340377808,5.054177631
4.751394975,682,4.751825383,4.725976944,4.757572164,4.751394975,4.725976944,4.751394975
5.007527305,683,5.010254222,4.87528801,5.037063516,5.007527305,4.87528801,5.007527305
4.962247049,684,4.957519206,4.988005638,4.978875974,4.962247049,4.988005638,4.962247049
6.790471249,685,6.722431176,7.072386742,7.059379807,6.790471249,7.072386742,6.790471249
5.688900585,686,5.716022847,5.471031189,5.616871691,5.688900585,5.471031189,5.688900585
5.516186535,687,5.520030381,5.11553669,5.629235855,5.516186535,5.11553669,5.516186535
5.835938035,688,5.857056521,5.92810297,5.692584348,5.835938035,5.92810297,5.835938035
5.279041604,689,5.276086198,5.391280174,5.257390954,5.279041604,5.391280174,5.279041604
4.821580191,690,4.807020415,4.597774506,4.973834241,4.821580191,4.597774506,4.821580191
4.838523832,691,4.841010081,4.982200146,4.777371692,4.838523832,4.982200146,4.838523832
5.625842236,692,5.658798128,5.2829566,5.564372572,5.625842236,5.2829566,5.625842236
5.318079862,693,5.335354292,5.245794296,5.25004464,5.318079862,5.245794296,5.318079862
6.030645153,694,6.010992031,6.072372913,6.121552586,6.030645153,6.072372913,6.030645153
5.41426256,695,5.400150211,5.699978828,5.394289584,5.41426256,5.699978828,5.41426256
4.507842898,696,4.447781734,4.703675747,4.762891472,4.507842898,4.703675747,4.507842898
8.143989078,697,8.216800299,9.16692543,7.414683743,8.143989078,9.16692543,9.16692543
6.281527447,698,6.438435201,5.716763973,5.632940467,6.281527447,5.716763973,6.281527447
5.37732385,699,5.393344189,5.35165453,5.300438363,5.37732385,5.35165453,5.37732385
6.607711095,700,6.52099206,7.480266094,6.779360947,6.607711095,7.480266094,6.607711095
5.218812232,701,5.220268274,5.374307632,5.159214877,5.218812232,5.374307632,5.218812232
5.164142578,702,5.168596952,5.650356293,4.97831464,5.164142578,5.650356293,5.164142578
5.136347424,703,5.135006341,5.039995193,5.17561724,5.136347424,5.039995193,5.136347424
6.240171368,704,6.265010242,6.569282055,5.997993689,6.240171368,6.569282055,6.240171368
5.52629682,705,5.60672498,5.132152557,5.228728094,5.52629682,5.132152557,5.52629682
4.888800365,706,4.892660403,4.632564068,4.953625556,4.888800365,4.632564068,4.888800365
5.0600406,707,5.042775242,5.258368492,5.086013094,5.0600406,5.258368492,5.0600406
5.031405668,708,5.014943922,4.942973614,5.148679019,5.031405668,4.942973614,5.031405668
4.93617906,709,4.920736626,5.215136528,4.925552922,4.93617906,5.215136528,4.93617906
5.269474439,710,5.351485328,5.511192799,4.751510285,5.269474439,5.511192799,5.269474439
5.707322976,711,5.658805482,6.178749561,5.808940669,5.707322976,6.178749561,5.707322976
5.279920879,712,5.278474565,5.124939442,5.339294948,5.279920879,5.124939442,5.279920879
4.727343593,713,4.707142008,4.742774487,4.829941688,4.727343593,4.742774487,4.727343593
6.012186043,714,6.0475434,5.87766552,5.868453523,6.012186043,5.87766552,6.012186043
5.709748556,715,5.721997237,5.407438278,5.745192348,5.709748556,5.407438278,5.709748556
6.606752795,716,6.664790458,6.630119324,6.289429629,6.606752795,6.630119324,6.606752795
5.185284998,717,5.216803594,4.79861784,5.146074838,5.185284998,4.79861784,5.185284998
5.823998485,718,5.927793165,5.163468838,5.490603445,5.823998485,5.163468838,5.823998485
4.879381247,719,4.858905356,5.065287113,4.926617298,4.879381247,5.065287113,4.879381247
5.983854027,720,6.014464782,5.977387905,5.822752004,5.983854027,5.977387905,5.983854027
6.085497516,721,6.064685088,6.142813683,6.177391781,6.085497516,6.142813683,6.085497516
6.449791531,722,6.357872007,7.81709671,6.484260599,6.449791531,7.81709671,6.449791531
7.571122883,723,7.483783488,7.653152943,8.009589632,7.571122883,7.653152943,7.571122883
5.457407168,724,5.467249565,5.799096107,5.291018028,5.457407168,5.799096107,5.457407168
5.891782605,725,5.900293654,5.5152421,5.971903806,5.891782605,5.5152421,5.891782605
4.851112845,726,4.734333182,5.253877163,5.339682985,4.851112845,5.253877163,4.851112845
6.535586763,727,6.641987726,6.170755863,6.089725144,6.535586763,6.170755863,6.535586763
6.182006849,728,6.15962945,6.276693344,6.269790816,6.182006849,6.276693344,6.182006849
5.168831049,729,5.14719687,5.320471764,5.233666311,5.168831049,5.320471764,5.168831049
5.319414043,730,5.331446181,5.637292862,5.149283033,5.319414043,5.637292862,5.319414043
5.675711973,731,5.589736058,6.153003693,5.975152984,5.675711973,6.153003693,5.675711973
5.980410143,732,6.06891738,5.442073345,5.687817146,5.980410143,5.442073345,5.980410143
6.082111299,733,6.151430003,6.432097912,5.595749259,6.082111299,6.432097912,6.082111299
5.933243679,734,5.902957669,5.596917152,6.206877869,5.933243679,5.596917152,5.933243679
5.74813477,735,5.731896944,5.824566841,5.80925907,5.74813477,5.824566841,5.74813477
5.662135546,736,5.606926875,6.089076519,5.814268172,5.662135546,6.089076519,5.662135546
7.12820857,737,7.038812682,8.349521637,7.197882246,7.12820857,8.349521637,8.349521637
5.810169656,738,5.822373894,5.675476074,5.789978211,5.810169656,5.675476074,5.810169656
6.084436888,739,6.052458572,6.545577049,6.101274522,6.084436888,6.545577049,6.084436888
5.263382643,740,5.201542965,5.798945904,5.414673133,5.263382643,5.798945904,5.263382643
6.02291441,741,6.053976114,5.581021309,6.00454969,6.02291441,5.581021309,6.02291441
4.911358482,742,4.888987736,5.228829384,4.924845495,4.911358482,5.228829384,4.911358482
5.321765042,743,5.348336569,5.564341068,5.099191592,5.321765042,5.564341068,5.321765042
5.059381782,744,5.003819559,5.418786526,5.235912101,5.059381782,5.418786526,5.059381782
6.882104448,745,6.946307838,6.534249783,6.655637923,6.882104448,6.534249783,6.882104448
6.355576845,746,6.437284937,6.46878767,5.882063373,6.355576845,6.46878767,6.355576845
5.448669575,747,5.429352644,5.434560776,5.556396138,5.448669575,5.434560776,5.448669575
5.638195994,748,5.642946636,5.690663338,5.595370085,5.638195994,5.690663338,5.638195994
6.032714797,749,6.100804523,5.919957638,5.707155271,6.032714797,5.919957638,6.032714797
5.572771857,750,5.60936161,5.458704948,5.415648847,5.572771857,5.458704948,5.572771857
5.308488724,751,5.196252232,5.50587368,5.8412884,5.308488724,5.50587368,5.308488724
5.077408009,752,5.010064822,5.315787315,5.357111946,5.077408009,5.315787315,5.077408009
4.871582151,753,4.817644622,5.171675682,5.059217794,4.871582151,5.171675682,4.871582151
5.444498877,754,5.409284084,5.69554472,5.548629035,5.444498877,5.69554472,5.444498877
5.078410708,755,5.100567025,4.786257744,5.057628011,5.078410708,4.786257744,5.078410708
5.018851262,756,4.974913496,5.693148136,5.028420311,5.018851262,5.693148136,5.018851262
4.666022036,757,4.642909285,4.778253555,4.751879477,4.666022036,4.778253555,4.666022036
5.058438523,758,5.022103212,5.036930084,5.25939621,5.058438523,5.036930084,5.058438523
5.639036151,759,5.605720588,6.280687809,5.60283519,5.639036151,6.280687809,5.639036151
5.284523248,760,5.282310459,5.368757725,5.268246589,5.284523248,5.368757725,5.284523248
5.233748181,761,5.282381291,4.889705181,5.089052595,5.233748181,4.889705181,5.233748181
5.330195649,762,5.308157672,5.599820614,5.357856542,5.330195649,5.599820614,5.330195649
6.029321713,763,6.148085024,5.534573555,5.56083336,6.029321713,5.534573555,6.029321713
6.146005362,764,6.159256801,5.41417408,6.319274739,6.146005362,5.41417408,6.146005362
5.797563042,765,5.824763657,5.76323843,5.663934552,5.797563042,5.76323843,5.797563042
5.516298805,766,5.564796679,5.69425106,5.198326057,5.516298805,5.69425106,5.516298805
4.987909095,767,4.985949043,5.097556114,4.9618137,4.987909095,5.097556114,4.987909095
5.641479853,768,5.583259952,5.757129192,5.913436209,5.641479853,5.757129192,5.641479853
5.649990548,769,5.65300159,5.650172234,5.633871099,5.649990548,5.650172234,5.649990548
6.187298436,770,6.244271851,6.255079269,5.860846531,6.187298436,6.255079269,6.187298436
5.370091798,771,5.333639298,5.982050419,5.36051896,5.370091798,5.982050419,5.370091798
6.234699352,772,6.225783551,6.189105988,6.297448038,6.234699352,6.189105988,6.234699352
5.580142746,773,5.630516866,5.785421371,5.243054444,5.580142746,5.785421371,5.580142746
6.671126856,774,6.649403856,6.97777319,6.684767369,6.671126856,6.97777319,6.671126856
5.58280534,775,5.5662331,5.444944859,5.717144032,5.58280534,5.444944859,5.58280534
4.994600438,776,4.998031156,5.09845686,4.941684503,4.994600438,5.09845686,4.994600438
5.56236563,777,5.567730933,5.396920204,5.58889908,5.56236563,5.396920204,5.56236563
6.446168296,778,6.336626093,6.672576904,6.954923725,6.446168296,6.672576904,6.446168296
5.68129993,779,5.676217853,5.79840374,5.669369778,5.68129993,5.79840374,5.68129993
5.133052173,780,5.144721045,5.320016861,5.008496667,5.133052173,5.320016861,5.133052173
6.215136759,781,6.250815303,5.362683296,6.309002266,6.215136759,5.362683296,6.215136759
5.500342105,782,5.544416202,5.575078487,5.240368052,5.500342105,5.575078487,5.500342105
5.851387943,783,5.888750088,5.667063713,5.713564623,5.851387943,5.667063713,5.851387943
5.319207274,784,5.22501453,5.180696011,5.867738916,5.319207274,5.180696011,5.319207274
5.399043061,785,5.389267292,5.430675507,5.440636268,5.399043061,5.430675507,5.399043061
5.041404081,786,5.060215683,4.890488625,4.991380665,5.041404081,4.890488625,5.041404081
5.969787825,787,6.008502023,5.837286949,5.807478941,5.969787825,5.837286949,5.969787825
4.842452691,788,4.81358868,4.534038067,5.099198972,4.842452691,4.534038067,4.842452691
7.576541608,789,7.615796752,8.122819901,7.185087958,7.576541608,8.122819901,8.122819901
6.286362732,790,6.294879869,6.516206264,6.16432349,6.286362732,6.516206264,6.286362732
5.13950299,791,5.110643589,5.200651169,5.273037024,5.13950299,5.200651169,5.13950299
5.984969079,792,5.952274087,6.068375587,6.13154016,5.984969079,6.068375587,5.984969079
5.771569537,793,5.776361461,5.717827797,5.763926567,5.771569537,5.717827797,5.771569537
5.840987083,794,5.876834178,5.669164658,5.707076719,5.840987083,5.669164658,5.840987083
6.756904417,795,6.750971673,6.755595207,6.788982123,6.756904417,6.755595207,6.756904417
6.660596269,796,6.743487544,6.798902988,6.172407114,6.660596269,6.798902988,6.660596269
5.573763449,797,5.634270843,4.823996067,5.50097979,5.573763449,4.823996067,5.573763449
5.887745092,798,5.881638695,5.807308197,5.94712472,5.887745092,5.807308197,5.887745092
6.040306765,799,6.066953939,5.569411755,6.055153391,6.040306765,5.569411755,6.040306765
6.866592996,800,6.874642822,6.779689789,6.852628324,6.866592996,6.779689789,6.866592996
5.667862234,801,5.712682658,5.011852264,5.647489918,5.667862234,5.011852264,5.667862234
5.029080775,802,4.958370742,4.953393459,5.431429997,5.029080775,4.953393459,5.029080775
4.955330293,803,4.89757851,5.366984844,5.126121497,4.955330293,5.366984844,4.955330293
5.803569959,804,5.857709963,5.635988712,5.570683683,5.803569959,5.635988712,5.803569959
4.602081148,805,4.486842532,5.395057678,4.952361551,4.602081148,5.395057678,4.602081148
5.798326338,806,5.909381229,5.582546711,5.277960167,5.798326338,5.582546711,5.798326338
5.364893977,807,5.387582216,5.395940781,5.233540981,5.364893977,5.395940781,5.364893977
4.970189458,808,4.972711352,4.75624609,5.028053774,4.970189458,4.75624609,4.970189458
6.112452917,809,6.139597853,5.922856808,6.03087859,6.112452917,5.922856808,6.112452917
5.967922783,810,5.977821773,5.940216064,5.924363705,5.967922783,5.940216064,5.967922783
5.212054361,811,5.232290919,5.223161221,5.100423647,5.212054361,5.223161221,5.212054361
5.35104093,812,5.336292124,5.120005608,5.506713003,5.35104093,5.120005608,5.35104093
5.66203503,813,5.685371799,5.426855564,5.615965381,5.66203503,5.426855564,5.66203503
5.245508853,814,5.235700619,5.463843822,5.22504107,5.245508853,5.463843822,5.245508853
5.684072771,815,5.6439844,6.158644676,5.739686821,5.684072771,6.158644676,5.684072771
6.410168716,816,6.436783874,6.256253242,6.319526409,6.410168716,6.256253242,6.410168716
4.920820192,817,4.926947251,4.621439934,4.987935985,4.920820192,4.621439934,4.920820192
5.745252005,818,5.732596337,5.978152752,5.735115322,5.745252005,5.978152752,5.745252005
6.179232972,819,6.226179126,5.663625717,6.100722613,6.179232972,5.663625717,6.179232972
5.566504064,820,5.582903775,5.381523609,5.54069897,5.566504064,5.381523609,5.566504064
5.474403566,821,5.486229573,6.094375134,5.204674302,5.474403566,6.094375134,5.474403566
5.96844436,822,5.922837005,5.781085491,6.274136543,5.96844436,5.781085491,5.96844436
9.483070516,823,9.715819743,9.08422184,8.374690902,9.483070516,9.08422184,9.483070516
7.039378757,824,6.980093796,7.241814137,7.288086754,7.039378757,7.241814137,7.039378757
5.141609165,825,5.056097562,6.228164196,5.235485957,5.141609165,6.228164196,5.141609165
5.838707885,826,5.840481596,5.871037006,5.81847164,5.838707885,5.871037006,5.838707885
4.852643919,827,4.786616534,4.901968002,5.188348632,4.852643919,4.901968002,4.852643919
6.683271785,828,6.76153891,6.613486767,6.28910871,6.683271785,6.613486767,6.683271785
5.64936739,829,5.66854442,5.678071976,5.537521706,5.64936739,5.678071976,5.64936739
6.565430789,830,6.506972373,6.739879608,6.81905932,6.565430789,6.739879608,6.565430789
5.705021114,831,5.750988386,5.485152721,5.533151835,5.705021114,5.485152721,5.705021114
5.361675926,832,5.275908762,6.18967247,5.543101991,5.361675926,6.18967247,5.361675926
6.27090728,833,6.230361526,6.649933338,6.36080924,6.27090728,6.649933338,6.27090728
5.181541534,834,5.16817364,5.555580616,5.12815719,5.181541534,5.555580616,5.181541534
5.650366211,835,5.647966699,5.524693012,5.705054636,5.650366211,5.524693012,5.650366211
5.178821092,836,5.110405466,5.360294819,5.483213069,5.178821092,5.360294819,5.178821092
4.997490191,837,5.01955459,4.593407154,5.014507724,4.997490191,4.593407154,4.997490191
5.147897995,838,5.117676701,5.016400814,5.352910625,5.147897995,5.016400814,5.147897995
5.381981263,839,5.445937306,5.079702854,5.141641872,5.381981263,5.079702854,5.381981263
5.760487644,840,5.803480813,5.632155418,5.573968109,5.760487644,5.632155418,5.760487644
6.642164538,841,6.745504061,6.302597046,6.204209618,6.642164538,6.302597046,6.642164538
6.478708799,842,6.511880619,6.382021427,6.334021586,6.478708799,6.382021427,6.478708799
5.508141079,843,5.502418078,5.140626431,5.661168636,5.508141079,5.140626431,5.508141079
4.912229392,844,4.877949448,4.974550724,5.074281923,4.912229392,4.974550724,4.912229392
7.603965325,845,7.571981928,8.652710915,7.424961577,7.603965325,8.652710915,8.652710915
6.690385209,846,6.57271813,6.864071369,7.260047535,6.690385209,6.864071369,6.690385209
7.79804343,847,7.998481357,7.230708122,6.918152962,7.79804343,7.230708122,7.79804343
5.350344648,848,5.39737419,5.188036442,5.153623117,5.350344648,5.188036442,5.350344648
5.828334595,849,5.914552637,5.645976067,5.429291213,5.828334595,5.645976067,5.828334595
5.423475016,850,5.384938263,5.491906643,5.606193705,5.423475016,5.491906643,5.423475016
5.421872725,851,5.446138081,5.362017632,5.31240915,5.421872725,5.362017632,5.421872725
4.977476843,852,4.954142454,5.014901638,5.089451947,4.977476843,5.014901638,4.977476843
4.985569641,853,4.903027315,5.083655834,5.393100018,4.985569641,5.083655834,4.985569641
5.79353531,854,5.798650341,5.50138092,5.863639861,5.79353531,5.50138092,5.79353531
5.576180704,855,5.640024189,5.149905205,5.377773985,5.576180704,5.149905205,5.576180704
6.148495023,856,6.229333371,5.999880791,5.766895166,6.148495023,5.999880791,6.148495023
5.718021342,857,5.781170534,5.094667912,5.58901001,5.718021342,5.094667912,5.718021342
5.479106349,858,5.473669894,5.639090538,5.454772712,5.479106349,5.639090538,5.479106349
6.224104451,859,6.232672297,5.879154205,6.293392685,6.224104451,5.879154205,6.224104451
6.397710868,860,6.376565795,7.295886993,6.211092589,6.397710868,7.295886993,6.397710868
5.430193631,861,5.43826077,5.167341232,5.47478636,5.430193631,5.167341232,5.430193631
5.948978692,862,5.98041973,5.917595387,5.791754177,5.948978692,5.917595387,5.948978692
5.709611056,863,5.721257523,5.417838097,5.74475422,5.709611056,5.417838097,5.709611056
5.598036208,864,5.40495704,6.377641678,6.367923322,5.598036208,6.377641678,5.598036208
5.41108998,865,5.476738564,5.065962791,5.176006636,5.41108998,5.065962791,5.41108998
5.063121168,866,5.076202198,5.12618494,4.972334459,5.063121168,5.12618494,5.063121168
5.848239385,867,5.872395796,5.657148361,5.783102207,5.848239385,5.657148361,5.848239385
5.407113359,868,5.396149794,5.726412296,5.359152646,5.407113359,5.726412296,5.407113359
5.413336825,869,5.431424558,5.414583206,5.316453493,5.413336825,5.414583206,5.413336825
5.188223693,870,5.209470499,5.072338104,5.113535965,5.188223693,5.072338104,5.188223693
5.424168455,871,5.429979089,5.226737976,5.458988602,5.424168455,5.226737976,5.424168455
6.682354084,872,6.428310102,7.320857048,7.824420999,6.682354084,7.320857048,6.682354084
5.330578128,873,5.380236187,5.355692863,5.057363486,5.330578128,5.355692863,5.330578128
5.955044228,874,5.892605166,6.108500004,6.236900513,5.955044228,6.108500004,5.955044228
5.567263667,875,5.591967192,5.750012398,5.374595294,5.567263667,5.750012398,5.567263667
5.769786902,876,5.792446529,5.965385914,5.583735849,5.769786902,5.965385914,5.769786902
5.31108875,877,5.300871327,5.214873791,5.397653207,5.31108875,5.214873791,5.31108875
5.397242419,878,5.419346264,5.373591423,5.287238789,5.397242419,5.373591423,5.397242419
4.887329123,879,4.8355446,5.026286602,5.117194008,4.887329123,5.026286602,4.887329123
5.304430119,880,5.304736214,5.168828487,5.347998192,5.304430119,5.168828487,5.304430119
5.471981834,881,5.394195317,5.724514484,5.802665633,5.471981834,5.724514484,5.471981834
6.095472133,882,6.134073405,5.614151478,6.050038939,6.095472133,5.614151478,6.095472133
6.148762696,883,6.119067255,6.218369961,6.283935881,6.148762696,6.218369961,6.148762696
5.753777723,884,5.751819905,5.494183064,5.850750894,5.753777723,5.494183064,5.753777723
5.348753289,885,5.407740766,5.042026043,5.136395831,5.348753289,5.042026043,5.348753289
5.785303263,886,5.792032989,5.497075081,5.84548737,5.785303263,5.497075081,5.785303263
5.195169514,887,5.150344052,5.223843575,5.424680663,5.195169514,5.223843575,5.195169514
6.251331704,888,6.205608232,6.330180645,6.468907201,6.251331704,6.330180645,6.251331704
5.602835183,889,5.602022407,5.484522343,5.646607519,5.602835183,5.484522343,5.602835183
5.380801653,890,5.363535825,5.759746552,5.346571143,5.380801653,5.759746552,5.380801653
6.356776681,891,6.22194245,7.04691267,6.845847173,6.356776681,7.04691267,6.356776681
6.631468929,892,6.67506625,6.919520378,6.302932694,6.631468929,6.919520378,6.631468929
5.434699683,893,5.459278978,5.41127491,5.311418329,5.434699683,5.41127491,5.434699683
5.566126669,894,5.579378613,5.547201157,5.501758177,5.566126669,5.547201157,5.566126669
5.04984569,895,5.023614957,5.019537449,5.199845557,5.04984569,5.019537449,5.04984569
5.076744948,896,5.069096264,5.267806053,5.053850892,5.076744948,5.267806053,5.076744948
6.435514016,897,6.523415466,6.213745594,6.04062913,6.435514016,6.213745594,6.435514016
5.596408909,898,5.604071484,5.3715415,5.630497683,5.596408909,5.3715415,5.596408909
6.471601967,899,6.419166773,6.842897892,6.627490947,6.471601967,6.842897892,6.471601967
5.057935496,900,5.050844529,5.084424019,5.086924483,5.057935496,5.084424019,5.057935496
5.538132698,901,5.545391302,5.751918793,5.428157993,5.538132698,5.751918793,5.538132698
5.557650227,902,5.581936233,5.352710247,5.496438107,5.557650227,5.352710247,5.557650227
5.302559643,903,5.336646701,4.922935009,5.247303522,5.302559643,4.922935009,5.302559643
5.316355885,904,5.36700209,5.211208344,5.081291933,5.316355885,5.211208344,5.316355885
5.728920536,905,5.74901018,5.340925694,5.751107263,5.728920536,5.340925694,5.728920536
6.880761797,906,6.888813837,6.712900162,6.893771385,6.880761797,6.712900162,6.880761797
5.565438646,907,5.649766639,5.301004887,5.203833818,5.565438646,5.301004887,5.565438646
5.019760169,908,5.044610822,5.065420628,4.872003119,5.019760169,5.065420628,5.019760169
5.428494419,909,5.354985655,5.309389114,5.860242893,5.428494419,5.309389114,5.428494419
5.466596403,910,5.470956837,5.577372074,5.406415456,5.466596403,5.577372074,5.466596403
5.524962602,911,5.548435872,5.063323975,5.553651375,5.524962602,5.063323975,5.524962602
6.240935369,912,6.346493159,5.878759384,5.79868574,6.240935369,5.878759384,6.240935369
5.506598372,913,5.508825392,5.609591961,5.460389656,5.506598372,5.609591961,5.506598372
5.934698472,914,5.929603305,6.496587753,5.77457619,5.934698472,6.496587753,5.934698472
7.696447758,915,7.579627295,7.758777618,8.298713568,7.696447758,7.758777618,7.696447758
5.5623571,916,5.554650562,5.388951778,5.66126037,5.5623571,5.388951778,5.5623571
5.972613697,917,5.991195723,6.050142288,5.847666571,5.972613697,6.050142288,5.972613697
5.725848715,918,5.743389554,5.605118752,5.672540852,5.725848715,5.605118752,5.725848715
5.501816686,919,5.500375598,5.445176125,5.528382596,5.501816686,5.445176125,5.501816686
5.310432497,920,5.269205719,5.710546017,5.396937354,5.310432497,5.710546017,5.310432497
4.876226515,921,4.892261737,4.697912693,4.850143295,4.876226515,4.697912693,4.876226515
6.767969744,922,6.600268032,6.872394562,7.62757056,6.767969744,6.872394562,6.767969744
5.159101727,923,5.179669371,5.06246376,5.081620238,5.159101727,5.06246376,5.159101727
6.293680756,924,6.312701856,6.422619343,6.1492554,6.293680756,6.422619343,6.293680756
6.301660562,925,6.335980189,6.194121838,6.154468791,6.301660562,6.194121838,6.301660562
5.358509393,926,5.245365698,7.187934875,5.352133859,5.358509393,7.187934875,5.358509393
5.36627249,927,5.357986698,5.332246304,5.421805404,5.36627249,5.332246304,5.36627249
5.885468677,928,5.851250453,5.668169498,6.140398813,5.885468677,5.668169498,5.885468677
10.59528279,929,10.58164768,12.42015934,10.05971108,10.59528279,12.42015934,12.42015934
5.528863612,930,5.546947599,5.346042633,5.493356044,5.528863612,5.346042633,5.528863612
7.274466262,931,7.294231848,7.678128719,7.034495535,7.274466262,7.678128719,7.274466262
6.578632906,932,6.472424784,7.195717812,6.93938129,6.578632906,7.195717812,6.578632906
6.061793212,933,6.097168596,5.930157185,5.917003136,6.061793212,5.930157185,6.061793212
5.912920317,934,5.947601199,5.824557304,5.757409874,5.912920317,5.824557304,5.912920317
5.706886679,935,5.64006518,5.707659245,6.063010529,5.706886679,5.707659245,5.706886679
5.630085295,936,5.698055858,5.444833755,5.329326178,5.630085295,5.444833755,5.630085295
4.915653074,937,4.899692812,4.968505383,4.983156998,4.915653074,4.968505383,4.915653074
6.258649393,938,6.327534116,5.965805054,5.988878984,6.258649393,5.965805054,6.258649393
10.40605038,939,10.01104544,13.76574898,11.39284399,10.40605038,13.76574898,13.76574898
5.331301382,940,5.310013347,5.51650095,5.383104344,5.331301382,5.51650095,5.331301382
6.938793738,941,6.900069394,7.227893829,7.048956795,6.938793738,7.227893829,6.938793738
5.632540999,942,5.639103386,5.312508583,5.704218956,5.632540999,5.312508583,5.632540999
4.795667381,943,4.757801052,4.673498154,5.038344174,4.795667381,4.673498154,4.795667381
5.782989341,944,5.799300047,5.450630665,5.806785095,5.782989341,5.450630665,5.782989341
5.338713783,945,5.431170952,5.024469852,4.950356774,5.338713783,5.024469852,5.338713783
5.926317033,946,5.957779974,5.693431854,5.836142996,5.926317033,5.693431854,5.926317033
4.994753174,947,5.000737662,4.933349133,4.983303901,4.994753174,4.933349133,4.994753174
4.784384951,948,4.786280378,4.476843834,4.876789737,4.784384951,4.476843834,4.784384951
4.653855174,949,4.638137173,4.580924988,4.761994538,4.653855174,4.580924988,4.653855174
4.954322237,950,4.913478768,5.286915302,5.061289721,4.954322237,5.286915302,4.954322237
5.651437392,951,5.543744809,5.795252323,6.177859523,5.651437392,5.795252323,5.651437392
8.454944708,952,8.7016716,7.823750496,7.349466059,8.454944708,7.823750496,8.454944708
6.617418178,953,6.57802332,7.274246216,6.608581407,6.617418178,7.274246216,6.617418178
7.444963389,954,7.591977313,7.070331097,6.785766599,7.444963389,7.070331097,7.444963389
6.055839353,955,6.07800766,5.872777462,5.998628932,6.055839353,5.872777462,6.055839353
5.548924869,956,5.578829817,5.442841053,5.424793082,5.548924869,5.442841053,5.548924869
5.654991927,957,5.598254314,5.488105774,6.013221172,5.654991927,5.488105774,5.654991927
6.10124351,958,6.162723976,6.052943707,5.789447508,6.10124351,6.052943707,6.10124351
6.33135694,959,6.393650402,5.746232033,6.194166698,6.33135694,5.746232033,6.33135694
8.084963324,960,8.195756771,7.982210159,7.528315875,8.084963324,7.982210159,8.084963324
6.030815425,961,6.007121523,5.398142338,6.368073934,6.030815425,5.398142338,6.030815425
6.064024737,962,6.122522832,5.744552135,5.858525805,6.064024737,5.744552135,6.064024737
5.551207133,963,5.607542319,5.240390301,5.354358419,5.551207133,5.240390301,5.551207133
5.550048157,964,5.552520797,5.562793255,5.532612259,5.550048157,5.562793255,5.550048157
5.296150069,965,5.314361074,5.375225544,5.172666214,5.296150069,5.375225544,5.296150069
5.316744947,966,5.297741952,5.51509428,5.351977769,5.316744947,5.51509428,5.316744947
4.781239008,967,4.735833633,5.107646942,4.914598288,4.781239008,5.107646942,4.781239008
5.119895686,968,5.026131832,5.157479763,5.607441586,5.119895686,5.157479763,5.119895686
7.186362308,969,7.007052404,7.735316753,7.959696985,7.186362308,7.735316753,7.186362308
5.506977938,970,5.526714899,5.331012249,5.460369257,5.506977938,5.331012249,5.506977938
6.443145913,971,6.277237014,6.339254856,7.362623684,6.443145913,6.339254856,6.443145913
6.68092074,972,6.631968834,6.791246414,6.905222308,6.68092074,6.791246414,6.68092074
7.142349765,973,6.965342866,8.130313873,7.757065229,7.142349765,8.130313873,8.130313873
7.276970612,974,7.358371312,7.127305508,6.892721798,7.276970612,7.127305508,7.276970612
5.842876184,975,5.859521327,5.428546429,5.892211924,5.842876184,5.428546429,5.842876184
5.714059711,976,5.655210374,5.33994627,6.152627362,5.714059711,5.33994627,5.714059711
5.940720939,977,5.946474438,5.658836842,6.003996936,5.940720939,5.658836842,5.940720939
5.365049336,978,5.320068563,5.220690727,5.653066247,5.365049336,5.220690727,5.365049336
5.430902849,979,5.424690808,5.084032536,5.579657215,5.430902849,5.084032536,5.430902849
4.695492589,980,4.679205856,4.661991596,4.793522159,4.695492589,4.661991596,4.695492589
6.713509804,981,6.783110327,6.614156246,6.375424824,6.713509804,6.614156246,6.713509804
5.033042963,982,5.05855515,5.032361984,4.897204838,5.033042963,5.032361984,5.033042963
5.893299892,983,5.884064688,5.60671854,6.038081389,5.893299892,5.60671854,5.893299892
5.792201984,984,5.799568375,6.223377705,5.609189366,5.792201984,6.223377705,5.792201984
7.372924207,985,7.392234945,6.888269424,7.431485077,7.372924207,6.888269424,7.372924207
6.186333793,986,6.177162891,6.195586205,6.232161092,6.186333793,6.195586205,6.186333793
5.301126617,987,5.16256305,4.907612324,6.171303679,5.301126617,4.907612324,5.301126617
6.719048753,988,6.611494702,7.117824078,7.159745291,6.719048753,7.117824078,6.719048753
6.050020558,989,6.074688875,5.312106609,6.164427513,6.050020558,5.312106609,6.050020558
6.301209947,990,6.277462113,6.573002815,6.337267399,6.301209947,6.573002815,6.301209947
5.847643498,991,5.879760694,5.769598961,5.702366591,5.847643498,5.769598961,5.847643498
5.251996039,992,5.263714457,5.202841282,5.205882767,5.251996039,5.202841282,5.251996039
5.426888158,993,5.437592937,5.509266376,5.342336635,5.426888158,5.509266376,5.426888158
7.33129122,994,7.165215822,8.464866638,7.839168122,7.33129122,8.464866638,8.464866638
6.905910858,995,6.829969493,7.680962086,7.05258106,6.905910858,7.680962086,6.905910858
5.626041459,996,5.672894291,5.562898159,5.397207336,5.626041459,5.562898159,5.626041459
6.433140694,997,6.467279364,6.092688084,6.364551868,6.433140694,6.092688084,6.433140694
7.430502589,998,7.412310775,7.176259518,7.612273207,7.430502589,7.176259518,7.430502589
4.862320269,999,4.824365118,5.040933132,5.005210003,4.862320269,5.040933132,4.862320269
5.529897793,1000,5.468231157,5.259104729,5.949050798,5.529897793,5.259104729,5.529897793
